school.id,gender,employ,t.score,ID,english,math,grade
1,girl,9,23,1,72,23,3
1,girl,9,23,1,80,24,4
1,girl,9,23,1,39,23,5
1,boy,2,15,2,7,14,3
1,boy,2,15,2,17,11,4
1,boy,2,22,3,88,36,3
1,boy,2,22,3,89,32,4
1,boy,2,22,3,83,39,5
1,boy,9,14,4,12,24,3
1,boy,9,14,4,25,26,4
1,boy,9,14,4,12,32,5
1,girl,9,19,5,67,22,3
1,girl,9,19,5,78,23,4
1,girl,4,16,6,52,19,3
1,girl,4,16,6,76,23,4
1,girl,4,16,6,19,11,5
1,boy,9,17,7,37,22,3
1,boy,9,17,7,68,22,4
1,boy,9,17,7,31,26,5
1,girl,9,21,8,57,18,3
1,girl,9,21,8,86,29,4
1,girl,9,21,8,40,28,5
1,boy,4,30,9,42,30,3
1,boy,4,30,9,59,31,4
1,girl,5,25,10,46,29,3
1,girl,5,25,10,79,29,4
1,girl,4,32,11,69,31,3
1,girl,4,32,11,84,28,4
1,girl,4,32,11,50,32,5
1,girl,4,15,12,54,18,3
1,girl,4,15,12,74,26,4
1,girl,3,25,13,63,23,3
1,girl,3,25,13,39,27,5
1,girl,2,29,14,83,39,3
1,girl,2,29,14,88,35,4
1,girl,2,29,14,80,36,5
1,girl,7,34,15,37,24,3
1,girl,7,34,15,44,30,4
1,girl,7,34,15,37,33,5
1,boy,5,27,16,15,25,3
1,boy,5,27,16,20,29,4
1,boy,5,27,16,4,33,5
1,boy,4,21,17,43,27,3
1,boy,4,21,17,55,30,4
1,boy,4,21,17,29,30,5
1,girl,9,17,19,52,14,3
1,girl,9,17,19,84,10,4
1,girl,9,17,19,46,25,5
1,boy,4,22,20,11,14,3
1,boy,4,22,20,23,20,4
1,boy,4,22,20,9,17,5
1,girl,9,15,21,27,16,3
1,girl,9,15,21,50,15,4
1,girl,9,15,21,15,18,5
1,boy,4,25,22,79,30,3
1,boy,4,25,22,87,29,4
1,boy,4,25,22,42,33,5
1,boy,4,21,23,65,19,3
1,boy,4,21,23,71,19,4
1,boy,4,21,23,36,20,5
1,boy,3,20,24,23,11,3
1,boy,3,20,24,22,8,4
1,boy,3,20,24,10,13,5
1,boy,3,23,25,37,22,3
1,boy,3,23,25,67,25,4
1,boy,4,16,26,33,19,3
1,boy,4,16,26,50,18,4
1,boy,4,16,26,17,25,5
1,girl,4,34,27,64,29,3
1,girl,4,34,27,76,29,4
1,girl,4,34,27,31,27,5
1,boy,3,20,28,10,22,3
1,boy,3,20,28,17,12,4
1,boy,3,20,28,11,21,5
1,boy,4,20,29,27,21,3
1,boy,4,20,29,25,24,4
1,boy,4,20,29,11,30,5
1,girl,3,30,30,42,19,3
1,girl,3,30,30,70,25,4
1,girl,3,30,30,20,27,5
1,boy,4,31,31,34,17,3
1,boy,4,31,31,46,17,4
1,boy,4,31,31,8,22,5
1,girl,6,24,32,83,28,3
1,girl,6,24,32,86,27,4
1,boy,4,24,33,8,11,3
1,boy,4,24,33,11,10,4
1,boy,4,24,33,10,16,5
1,boy,4,19,34,9,17,3
1,girl,4,14,35,27,14,3
1,girl,4,14,35,61,16,4
1,girl,4,14,35,24,20,5
2,girl,2,31,37,27,19,3
2,girl,2,31,37,38,30,4
2,girl,2,31,37,15,27,5
2,boy,3,25,39,70,30,3
2,boy,3,25,39,86,31,4
2,boy,3,25,39,58,37,5
2,girl,9,19,40,35,26,4
2,girl,9,19,40,13,22,5
2,boy,2,29,41,78,33,3
2,boy,2,29,41,89,32,4
2,girl,9,33,42,42,18,3
2,girl,9,33,42,73,20,4
2,girl,9,33,42,34,32,5
2,girl,4,28,43,81,24,3
2,girl,4,28,43,81,32,4
2,girl,4,28,43,41,28,5
2,boy,9,26,44,19,28,3
2,boy,9,26,44,30,29,4
2,boy,9,26,44,17,28,5
2,boy,9,15,45,54,25,3
2,boy,9,15,45,81,29,4
2,boy,9,15,45,41,35,5
2,boy,2,34,46,88,34,3
2,boy,2,34,46,90,37,4
2,boy,2,34,46,88,37,5
2,boy,9,25,48,63,28,3
2,boy,9,25,48,81,30,4
2,boy,9,25,48,7,34,5
2,girl,9,20,50,37,22,3
2,girl,9,20,50,79,29,4
2,girl,9,20,50,41,27,5
2,girl,6,14,51,8,14,3
2,girl,6,14,51,40,26,4
2,girl,6,14,51,11,19,5
2,girl,2,22,52,3,17,3
2,girl,2,22,52,34,15,4
3,girl,2,27,60,74,31,3
3,girl,2,27,60,84,32,4
3,girl,4,35,61,72,33,3
3,girl,4,35,61,77,30,4
3,girl,4,35,61,54,37,5
3,girl,5,35,62,81,34,3
3,girl,5,35,62,85,34,4
3,girl,5,35,62,78,39,5
3,boy,2,32,65,71,37,3
3,boy,2,32,65,60,37,5
3,girl,5,29,66,72,32,3
3,girl,5,29,66,55,35,5
3,boy,4,24,67,57,23,3
3,boy,4,24,67,66,29,4
3,boy,4,24,67,26,33,5
3,boy,6,26,68,51,33,3
3,boy,6,26,68,79,31,4
3,boy,6,26,68,24,37,5
3,boy,5,21,69,59,24,3
3,boy,5,21,69,76,9,4
3,boy,5,21,69,50,37,5
3,girl,4,29,70,30,18,3
3,girl,4,29,70,48,18,4
3,girl,4,29,70,31,32,5
3,boy,7,24,71,28,28,3
3,girl,7,31,73,67,27,3
3,girl,7,31,73,80,27,4
3,boy,4,22,74,34,30,3
3,boy,4,22,74,44,24,4
3,boy,4,25,75,55,31,3
3,boy,4,25,75,67,17,4
3,boy,4,25,75,27,22,5
3,boy,7,30,77,48,30,3
3,boy,7,30,77,37,37,5
3,girl,7,20,78,42,26,3
3,girl,7,20,78,30,27,5
3,boy,4,32,79,67,31,3
3,boy,4,32,79,81,28,4
3,girl,4,24,80,52,23,4
3,girl,4,25,82,75,29,3
3,girl,4,25,82,54,36,5
3,boy,4,20,83,20,28,3
3,boy,4,20,83,9,15,5
3,boy,4,30,85,41,28,3
3,boy,4,30,85,64,30,4
3,boy,4,30,85,49,37,5
3,boy,4,25,86,42,19,3
3,boy,4,25,86,73,25,4
4,boy,9,28,87,71,26,3
4,boy,9,28,87,88,25,4
4,boy,9,28,87,67,33,5
4,girl,4,23,88,24,12,3
4,girl,4,23,88,63,15,4
4,girl,4,23,88,18,20,5
4,girl,4,18,89,11,7,3
4,girl,4,18,89,13,4,4
4,girl,4,18,89,35,13,5
4,girl,7,21,90,32,8,3
4,girl,7,21,90,61,8,4
4,girl,7,21,90,21,19,5
4,boy,5,28,91,56,28,3
4,boy,5,28,91,81,23,4
4,boy,5,28,91,27,25,5
4,girl,4,26,92,54,21,3
4,girl,4,26,92,65,16,4
4,girl,4,26,92,30,21,5
4,boy,4,32,93,73,37,3
4,boy,4,32,93,87,34,4
4,boy,4,32,93,67,38,5
4,girl,4,23,94,37,20,3
4,girl,4,23,94,74,25,4
4,girl,4,23,94,43,24,5
4,boy,7,26,95,6,10,3
4,boy,7,26,95,17,19,4
4,boy,7,26,95,15,29,5
4,boy,5,23,96,19,11,3
4,boy,5,23,96,30,9,4
4,boy,5,23,96,25,14,5
4,girl,6,26,97,34,21,3
4,girl,6,26,97,65,19,4
4,girl,6,26,97,35,26,5
4,boy,7,33,98,82,35,3
4,boy,7,33,98,85,36,4
4,boy,7,33,98,74,37,5
4,boy,9,26,99,23,27,3
4,boy,9,26,99,56,17,4
4,boy,9,26,99,37,31,5
4,girl,7,26,100,68,30,3
4,girl,7,26,100,80,25,4
4,girl,7,26,100,50,28,5
4,girl,5,29,101,78,30,3
4,girl,5,29,101,85,29,4
4,girl,5,29,101,54,34,5
4,boy,4,32,102,25,21,3
4,boy,4,32,102,47,26,4
4,boy,4,32,102,37,33,5
4,girl,7,17,103,14,12,3
4,girl,7,17,103,31,8,4
4,girl,7,17,103,12,20,5
4,girl,9,28,104,53,24,3
4,girl,9,28,104,82,29,4
4,girl,9,28,104,60,32,5
4,boy,7,31,105,60,21,3
4,boy,7,31,105,82,25,4
4,boy,7,31,105,53,28,5
4,boy,4,32,107,24,23,3
4,boy,4,32,107,64,25,4
4,boy,4,32,107,29,36,5
4,boy,4,26,108,23,23,3
4,boy,4,26,108,79,26,4
4,boy,4,26,108,49,35,5
4,girl,4,16,109,33,28,3
4,girl,4,16,109,85,26,4
4,girl,4,16,109,56,34,5
4,boy,9,26,110,31,21,3
4,boy,9,26,110,65,28,4
4,boy,9,26,110,27,34,5
4,girl,4,27,111,63,29,3
4,girl,4,27,111,80,29,4
4,girl,4,27,111,50,33,5
5,boy,4,20,115,5,14,3
5,boy,4,20,115,62,6,4
5,boy,4,25,116,8,12,3
5,boy,4,25,116,27,17,4
5,boy,4,25,116,13,25,5
5,boy,3,27,117,43,4,3
5,boy,3,27,117,64,2,4
5,girl,5,23,118,10,11,3
5,girl,5,23,118,17,5,4
5,boy,4,17,119,25,26,3
5,boy,4,17,119,74,32,4
5,boy,4,17,119,42,33,5
5,girl,2,33,122,74,30,3
5,girl,2,33,122,84,32,4
5,girl,2,33,122,66,36,5
5,boy,1,25,124,64,25,3
5,boy,1,25,124,76,33,4
5,boy,1,25,124,52,31,5
5,girl,4,23,125,40,20,3
5,girl,4,23,125,66,22,4
5,girl,4,23,125,23,25,5
5,girl,2,33,126,87,34,3
5,girl,2,33,126,88,33,4
5,girl,2,33,126,92,37,5
5,boy,3,29,127,41,18,3
5,boy,3,29,127,75,29,4
5,boy,3,29,127,32,23,5
5,girl,2,30,128,85,32,3
5,girl,2,30,128,91,33,4
5,girl,2,30,128,79,34,5
5,girl,2,32,129,84,33,3
5,girl,2,32,129,90,37,4
5,girl,2,32,129,82,36,5
5,boy,4,30,130,61,25,3
5,boy,4,30,130,83,33,4
5,boy,4,30,130,64,30,5
5,girl,2,34,132,80,31,3
5,girl,2,34,132,88,36,4
5,girl,2,34,132,84,33,5
5,boy,1,25,134,74,26,4
5,boy,1,25,134,42,23,5
5,boy,2,27,135,51,29,3
5,boy,2,27,135,76,34,4
5,boy,2,27,135,34,32,5
5,girl,4,24,136,50,25,3
5,girl,4,24,136,70,21,4
5,girl,4,24,136,29,21,5
5,girl,4,32,137,82,31,3
5,girl,4,32,137,80,32,4
5,girl,4,32,137,67,34,5
5,boy,2,28,138,87,37,3
5,boy,2,28,138,81,36,4
5,boy,2,28,138,87,38,5
5,boy,2,28,139,64,26,3
5,boy,2,28,139,81,36,4
5,boy,2,28,139,58,36,5
5,girl,9,24,140,45,26,3
5,girl,9,24,140,79,27,4
5,girl,9,24,140,47,33,5
5,girl,5,30,141,72,35,3
5,girl,5,30,141,81,34,4
5,girl,5,30,141,63,36,5
5,girl,1,32,142,82,35,3
5,girl,1,32,142,88,33,4
5,girl,1,32,142,78,37,5
5,girl,1,29,143,73,30,3
5,girl,1,29,143,79,34,4
5,girl,1,29,143,57,34,5
5,girl,3,29,146,64,33,3
5,girl,3,29,146,87,26,4
5,girl,3,29,146,44,28,5
5,boy,1,22,148,65,28,3
5,boy,1,22,148,82,30,4
5,boy,1,22,148,32,30,5
5,boy,9,22,149,39,18,3
5,boy,9,22,149,77,14,4
5,boy,9,22,149,33,25,5
5,boy,1,32,150,53,31,3
5,boy,1,32,150,81,32,4
5,boy,1,32,150,39,37,5
5,boy,2,27,151,89,40,3
5,boy,2,27,151,90,38,4
5,boy,2,27,151,78,36,5
6,boy,4,26,152,14,31,3
6,boy,4,26,152,69,28,4
6,boy,4,27,153,66,16,4
6,boy,4,27,153,28,23,5
6,girl,9,28,154,43,23,3
6,girl,9,28,154,76,16,4
6,girl,6,20,155,59,21,3
6,girl,6,20,155,76,21,4
6,girl,6,20,155,27,28,5
6,boy,4,24,156,48,26,3
6,boy,4,24,156,36,31,5
6,boy,7,30,157,30,26,3
6,boy,7,30,157,59,23,4
6,boy,7,30,157,13,26,5
6,girl,4,19,158,70,24,3
6,girl,4,19,158,79,29,4
6,girl,4,19,158,42,30,5
6,boy,4,31,159,66,29,3
6,boy,4,31,159,82,35,4
6,boy,4,31,159,41,37,5
6,boy,4,26,160,51,27,4
6,boy,4,26,160,12,37,5
6,girl,6,33,161,47,22,4
6,girl,5,26,164,70,21,3
6,girl,5,26,164,80,18,4
6,boy,2,27,167,27,26,3
6,boy,2,27,167,63,23,4
6,girl,4,22,168,75,32,3
6,girl,4,22,168,86,31,4
6,girl,4,22,168,53,32,5
6,girl,7,12,171,50,19,3
6,girl,7,12,171,79,20,4
6,girl,7,12,171,43,24,5
6,girl,9,28,172,69,25,3
6,girl,9,28,172,84,29,4
6,girl,9,28,172,65,33,5
6,girl,4,31,174,68,25,4
6,girl,4,31,174,26,28,5
6,boy,4,28,175,28,30,3
6,boy,4,28,175,57,30,4
6,boy,4,28,175,29,36,5
6,boy,4,34,176,80,33,3
6,boy,4,34,176,86,33,4
6,boy,4,34,176,55,40,5
6,girl,4,23,177,66,31,3
6,girl,4,23,177,85,23,4
6,girl,4,23,177,37,36,5
6,boy,4,27,182,54,28,3
6,boy,4,27,182,78,28,4
6,boy,4,27,182,46,30,5
6,boy,9,24,183,41,25,3
6,boy,9,24,183,75,16,4
6,boy,9,24,183,35,31,5
6,boy,9,29,184,40,30,3
6,boy,9,29,184,44,23,4
6,boy,9,29,184,16,26,5
6,girl,4,23,185,40,28,3
6,girl,4,23,185,51,17,4
6,boy,6,29,188,64,23,3
6,boy,6,29,188,51,22,5
7,girl,7,16,189,32,15,4
7,girl,7,16,189,21,26,5
7,boy,5,14,190,19,8,3
7,boy,5,14,190,33,9,4
7,girl,9,35,191,87,38,3
7,girl,9,35,191,89,36,4
7,girl,9,32,192,66,23,3
7,girl,9,33,193,18,33,3
7,girl,9,33,193,55,31,4
7,girl,9,33,193,30,37,5
7,girl,9,32,194,78,34,3
7,girl,9,32,194,90,39,4
7,girl,9,32,194,71,36,5
7,boy,6,28,195,55,31,3
7,boy,6,28,195,74,31,4
7,boy,6,28,195,39,37,5
7,girl,4,22,196,24,17,3
7,girl,4,22,196,74,24,4
7,girl,4,22,196,67,37,5
7,girl,7,23,197,17,21,3
7,girl,7,23,197,67,31,4
7,girl,7,23,197,24,24,5
7,boy,9,29,198,85,37,3
7,boy,9,29,198,89,35,4
7,boy,9,29,198,88,39,5
7,girl,2,32,200,28,35,3
7,girl,2,32,200,73,34,4
7,girl,2,29,201,40,31,3
7,girl,2,29,201,89,32,4
7,girl,2,29,201,72,38,5
7,boy,9,20,202,55,25,3
7,boy,9,20,202,69,30,4
7,boy,9,20,202,37,33,5
7,girl,9,25,203,31,27,3
7,girl,9,25,203,21,21,4
7,girl,9,25,203,15,32,5
7,girl,4,16,204,15,9,3
7,girl,4,16,204,9,10,4
7,girl,4,16,204,26,21,5
8,girl,8,16,208,35,14,3
8,girl,8,16,208,69,15,4
8,girl,8,16,208,25,19,5
8,boy,4,22,209,37,23,3
8,boy,4,22,209,74,27,4
8,boy,4,22,209,25,30,5
8,girl,4,19,211,37,20,3
8,girl,4,19,211,52,16,4
8,girl,4,19,211,24,27,5
8,boy,5,29,212,73,30,3
8,boy,5,29,212,83,33,4
8,boy,5,29,212,55,33,5
8,girl,4,29,213,75,22,3
8,girl,4,29,213,89,27,4
8,girl,4,29,213,54,31,5
8,boy,5,26,214,69,31,3
8,boy,5,26,214,81,34,4
8,boy,5,26,214,62,29,5
8,girl,4,27,215,61,28,3
8,girl,4,27,215,79,33,4
8,girl,4,27,215,42,35,5
8,boy,7,32,217,54,29,3
8,boy,7,32,217,85,34,4
8,boy,7,32,217,62,38,5
8,boy,4,26,218,35,23,3
8,boy,4,26,218,79,36,4
8,boy,4,26,218,65,37,5
8,girl,5,28,219,70,30,3
8,girl,5,28,219,78,32,4
8,girl,5,28,219,62,33,5
8,boy,2,26,220,87,34,3
8,boy,2,26,220,85,32,4
8,boy,2,26,220,84,35,5
8,girl,4,21,221,27,30,3
8,girl,4,21,221,69,28,4
8,girl,4,21,221,15,25,5
8,girl,4,33,222,48,22,3
8,girl,4,33,222,43,23,4
8,girl,4,33,222,12,30,5
8,girl,7,33,223,88,34,3
8,girl,7,33,223,89,32,4
8,girl,7,33,223,83,35,5
8,boy,3,17,224,15,22,3
8,boy,3,17,224,61,18,4
8,boy,3,17,224,13,21,5
8,girl,9,32,225,55,29,3
8,girl,9,32,225,81,28,4
8,boy,6,24,226,18,17,3
8,boy,6,24,226,39,23,4
8,girl,4,27,227,63,25,3
8,girl,4,27,227,82,24,4
8,girl,4,27,227,38,32,5
8,boy,9,25,228,24,25,3
8,boy,9,25,228,65,24,4
8,boy,9,25,228,29,30,5
8,girl,5,12,229,60,18,3
8,girl,5,12,229,62,18,4
8,girl,5,12,229,23,23,5
8,girl,4,27,230,88,35,3
8,girl,4,27,230,85,28,4
8,girl,4,27,230,68,38,5
8,girl,9,18,232,63,26,3
8,girl,9,18,232,87,23,4
8,girl,9,18,232,47,30,5
8,boy,9,34,233,57,34,3
8,boy,9,34,233,80,31,4
8,boy,9,34,233,40,38,5
8,boy,3,22,234,32,29,3
8,boy,3,22,234,67,30,4
8,boy,3,22,234,42,34,5
8,girl,4,17,235,9,13,3
8,girl,4,17,235,63,20,4
8,girl,4,17,235,26,18,5
8,girl,4,23,236,75,22,4
8,girl,4,23,236,45,21,5
8,girl,9,27,237,49,24,3
8,girl,9,27,237,85,30,4
8,boy,7,27,238,49,22,3
8,boy,7,27,238,85,25,4
8,boy,7,27,238,62,33,5
8,girl,9,27,239,75,25,3
8,girl,9,27,239,88,21,4
8,girl,9,27,239,44,32,5
8,girl,4,22,241,30,28,3
8,girl,4,22,241,77,21,4
8,girl,4,22,241,29,33,5
8,girl,4,17,242,65,21,3
9,boy,4,31,243,73,26,3
9,boy,4,31,243,87,28,4
9,boy,4,31,243,70,32,5
9,girl,1,33,244,84,39,3
9,girl,1,33,244,87,36,4
9,girl,1,33,244,49,37,5
9,girl,4,34,245,83,33,3
9,girl,4,34,245,86,35,4
9,girl,4,34,245,74,35,5
9,girl,3,34,246,88,33,3
9,girl,3,34,246,91,35,4
9,girl,3,34,246,74,36,5
9,girl,2,33,247,88,37,3
9,girl,2,33,247,87,35,4
9,girl,2,33,247,88,37,5
9,boy,1,35,248,88,36,3
9,boy,1,35,248,88,38,4
9,boy,1,35,248,93,39,5
9,boy,2,35,249,71,33,3
9,boy,2,35,249,83,35,4
9,boy,2,35,249,62,37,5
9,boy,2,31,250,89,36,3
9,boy,2,31,250,89,38,4
9,boy,2,31,250,77,38,5
9,boy,3,29,251,16,11,3
9,boy,3,29,251,43,15,4
9,boy,3,29,251,38,17,5
9,boy,4,34,252,27,24,3
9,boy,4,34,252,48,18,4
9,boy,4,34,252,36,32,5
9,boy,2,27,253,39,28,3
9,boy,2,27,253,67,20,4
9,boy,4,32,254,74,30,3
9,boy,4,32,254,81,29,4
9,boy,4,32,254,66,30,5
9,boy,2,30,255,80,23,3
9,boy,2,30,255,82,22,4
9,boy,2,30,255,55,31,5
9,girl,5,28,256,38,26,3
9,girl,5,28,256,67,28,4
9,girl,5,28,256,45,34,5
9,boy,1,36,257,83,33,3
9,boy,1,36,257,88,35,4
9,boy,1,36,257,52,38,5
9,girl,8,31,258,32,26,3
9,girl,8,31,258,62,24,4
9,girl,8,31,258,33,30,5
9,boy,2,35,259,70,34,3
9,boy,2,35,259,81,32,4
9,boy,2,35,259,74,38,5
9,girl,2,34,260,53,25,3
9,girl,2,34,260,84,24,4
9,girl,2,34,260,61,28,5
9,girl,3,29,261,25,29,3
9,girl,3,29,261,79,30,4
9,girl,3,29,261,64,32,5
9,girl,4,26,262,22,18,3
9,girl,4,26,262,64,19,4
9,girl,4,26,262,33,22,5
9,boy,1,28,263,10,13,3
9,boy,1,28,263,23,15,4
9,boy,1,28,263,32,18,5
9,boy,1,20,264,24,16,3
9,boy,1,20,264,21,16,4
9,boy,1,20,264,12,22,5
10,girl,9,19,265,30,24,3
10,girl,9,26,266,33,16,3
10,boy,6,31,267,55,24,3
10,boy,6,31,267,68,32,4
10,boy,4,23,268,11,18,3
10,boy,4,23,268,61,28,4
10,boy,4,22,269,34,21,3
10,boy,4,22,269,76,30,4
10,boy,7,30,270,33,31,3
10,boy,7,30,270,72,29,4
10,girl,4,31,271,73,32,3
10,girl,4,31,271,87,35,4
10,boy,1,24,272,50,23,3
10,boy,1,24,272,75,22,4
10,girl,4,21,273,55,30,3
10,girl,4,21,273,66,31,4
10,girl,3,32,275,81,32,4
10,girl,5,22,276,46,18,3
10,girl,5,22,276,65,22,4
10,boy,4,30,277,10,22,3
10,boy,4,16,278,23,19,3
10,boy,4,16,278,27,29,4
10,girl,4,13,279,22,15,3
10,girl,4,13,279,23,27,4
11,boy,3,21,280,16,26,3
11,boy,3,21,280,74,21,4
11,boy,3,21,280,34,32,5
11,boy,3,19,284,37,28,3
11,boy,3,19,284,80,18,4
11,boy,3,19,284,57,30,5
11,boy,4,12,285,8,21,3
11,boy,4,12,285,34,17,4
11,boy,4,12,285,19,15,5
11,girl,3,23,287,9,25,3
11,girl,3,23,287,49,30,4
11,girl,3,23,287,35,35,5
11,boy,3,21,288,42,22,3
11,boy,3,21,288,85,31,4
11,boy,3,21,288,35,24,5
11,girl,9,21,289,8,18,3
11,girl,9,21,289,59,25,4
11,girl,9,21,289,11,26,5
11,girl,3,19,290,31,29,3
11,girl,3,19,290,81,25,4
11,girl,3,19,290,31,31,5
11,girl,4,25,291,26,23,3
11,girl,4,25,291,78,30,4
11,girl,4,25,291,40,33,5
11,boy,8,24,292,6,21,3
11,boy,8,24,292,34,27,4
11,boy,8,24,292,7,30,5
11,boy,4,31,293,23,31,3
11,boy,4,31,293,71,32,4
11,boy,4,31,293,33,38,5
11,boy,4,28,294,19,27,3
11,boy,4,28,294,65,25,4
11,boy,6,20,295,14,26,3
11,boy,6,20,295,39,16,4
11,boy,6,20,295,8,29,5
12,girl,4,22,296,59,28,3
12,girl,4,22,296,41,23,4
12,girl,4,22,296,29,34,5
12,boy,4,19,297,17,9,3
12,boy,4,19,297,17,15,4
12,boy,4,19,297,14,15,5
12,girl,4,28,298,87,25,3
12,girl,4,28,298,86,30,4
12,girl,4,28,298,78,34,5
12,boy,5,18,299,66,32,3
12,boy,5,18,299,66,37,4
12,boy,5,18,299,49,37,5
12,boy,1,34,300,79,34,3
12,boy,1,34,300,84,28,4
12,boy,1,34,300,85,32,5
12,boy,9,20,301,2,22,3
12,girl,4,23,302,54,24,3
12,girl,4,23,302,67,19,4
12,girl,7,20,303,32,23,3
12,girl,7,20,303,51,25,4
12,girl,7,20,303,38,30,5
12,girl,2,35,305,82,39,3
12,girl,2,35,305,88,36,4
12,girl,2,35,305,78,38,5
12,girl,4,35,306,80,36,3
12,girl,4,35,306,89,37,4
12,girl,4,35,306,78,39,5
12,boy,3,23,307,41,26,3
12,boy,3,23,307,71,24,4
12,boy,3,23,307,39,21,5
12,girl,8,29,308,65,25,3
12,girl,8,29,308,80,20,4
12,girl,8,29,308,30,32,5
12,girl,3,32,309,76,29,3
12,girl,3,32,309,84,29,4
12,girl,3,32,309,53,36,5
12,girl,6,24,310,54,21,3
12,girl,6,24,310,84,20,4
12,girl,6,24,310,52,27,5
12,boy,7,29,311,53,22,3
12,boy,7,29,311,63,31,4
12,boy,7,29,311,25,30,5
12,boy,4,24,312,31,28,3
12,boy,4,24,312,55,27,4
12,boy,1,25,313,20,23,3
12,boy,1,25,313,33,27,4
12,boy,1,25,313,10,27,5
12,girl,6,14,314,34,19,3
12,girl,6,14,314,62,28,4
12,boy,6,16,315,45,21,3
12,boy,6,16,315,60,31,4
12,girl,5,24,316,77,28,3
12,girl,5,24,316,87,33,4
12,girl,5,24,316,64,37,5
12,girl,4,27,317,83,28,3
12,girl,4,27,317,85,28,4
12,girl,4,27,317,62,33,5
12,girl,3,24,318,73,28,3
12,girl,3,24,318,83,29,4
12,girl,3,24,318,54,24,5
12,boy,4,15,319,12,14,3
12,boy,4,15,319,5,14,5
12,boy,4,19,320,13,21,3
12,boy,4,19,320,50,25,4
12,boy,4,19,320,21,25,5
12,boy,4,27,321,23,22,3
12,boy,4,27,321,76,24,4
12,boy,4,27,321,31,32,5
12,girl,4,29,322,74,32,3
12,girl,4,29,322,78,34,4
12,girl,4,29,322,56,38,5
12,boy,4,15,323,8,16,3
12,boy,4,15,323,31,15,4
12,boy,4,15,323,9,20,5
12,girl,9,24,324,11,25,3
12,girl,9,24,324,53,20,4
12,girl,9,24,324,43,19,5
13,boy,9,33,326,74,37,3
13,boy,9,33,326,80,37,5
13,girl,4,31,327,45,31,3
13,girl,4,31,327,47,30,5
13,girl,5,27,328,81,34,3
13,girl,5,27,328,81,27,4
13,girl,5,27,328,66,28,5
13,girl,4,32,329,60,31,3
13,girl,4,32,329,81,29,4
13,girl,4,29,330,84,33,3
13,girl,4,29,330,86,30,4
13,girl,4,29,330,79,33,5
13,boy,9,24,331,16,26,3
13,boy,9,24,331,81,28,4
13,boy,9,24,331,69,33,5
13,girl,4,30,332,27,25,3
13,girl,4,30,332,74,27,4
13,girl,4,30,332,55,31,5
13,boy,4,22,333,17,21,3
13,boy,4,22,333,52,25,4
13,boy,4,22,333,32,36,5
13,boy,9,26,334,15,28,3
13,boy,9,26,334,50,25,4
13,boy,9,26,334,60,34,5
13,boy,6,21,335,13,21,3
13,boy,6,21,335,43,18,4
13,girl,4,16,336,24,21,3
13,girl,4,16,336,64,10,4
13,girl,4,16,336,16,10,5
13,boy,4,28,337,6,20,3
13,boy,4,28,337,69,11,4
13,boy,4,28,337,39,13,5
13,boy,9,19,338,17,23,3
13,boy,9,19,338,39,24,4
13,boy,9,19,338,42,27,5
13,girl,4,18,339,47,25,3
13,girl,4,18,339,87,28,4
13,girl,4,18,339,59,29,5
13,girl,2,28,340,34,23,3
13,girl,2,28,340,47,12,4
13,girl,2,28,340,37,20,5
13,girl,2,25,341,43,27,3
13,girl,2,25,341,80,27,4
13,girl,2,25,341,52,29,5
13,boy,5,30,342,23,35,3
13,boy,5,30,342,65,34,4
13,boy,5,30,342,43,38,5
13,girl,4,21,343,28,27,3
13,girl,4,21,343,69,20,4
13,girl,4,21,343,33,33,5
13,boy,9,13,344,17,14,3
13,boy,9,13,344,27,19,4
13,boy,4,19,347,20,24,3
13,boy,4,19,347,57,20,4
13,boy,4,19,347,23,35,5
13,boy,2,21,348,15,20,3
13,boy,2,21,348,34,12,4
13,boy,2,21,348,19,32,5
13,girl,5,12,349,30,14,3
13,girl,5,12,349,33,11,4
13,girl,5,12,349,24,37,5
13,boy,6,22,350,13,14,3
13,boy,6,22,350,39,12,4
13,boy,6,22,350,17,21,5
13,girl,2,28,351,34,26,3
13,girl,2,28,351,52,36,5
13,boy,4,15,352,16,15,3
13,boy,4,15,352,25,16,4
13,boy,4,15,352,8,24,5
14,boy,9,16,353,11,14,3
14,boy,9,16,353,20,3,4
14,boy,7,11,354,13,12,3
14,boy,7,11,354,46,7,4
14,boy,7,22,355,59,30,3
14,boy,7,22,355,70,20,4
14,boy,7,22,355,36,29,5
14,girl,9,21,356,31,26,3
14,girl,9,21,356,69,24,4
14,girl,9,21,356,24,33,5
14,girl,4,25,357,61,30,3
14,girl,4,25,357,73,22,4
14,girl,4,25,357,35,30,5
14,girl,9,25,358,42,15,3
14,girl,9,25,358,49,18,4
14,girl,9,25,358,13,26,5
14,girl,7,20,359,48,23,3
14,girl,7,20,359,65,25,4
14,girl,7,20,359,18,28,5
14,girl,9,16,361,48,17,3
14,girl,9,16,361,60,20,4
14,girl,9,16,361,22,19,5
14,boy,4,27,362,22,19,3
14,boy,4,27,362,32,16,4
14,boy,4,27,362,8,22,5
14,boy,4,18,363,14,15,3
14,boy,4,18,363,23,17,4
14,boy,4,18,363,20,26,5
14,boy,5,27,364,16,25,3
14,boy,5,27,364,28,27,4
14,boy,5,27,364,13,30,5
14,boy,9,33,365,88,33,3
14,boy,9,33,365,86,30,4
14,boy,9,33,365,53,34,5
14,boy,9,31,366,75,29,3
14,boy,9,31,366,88,33,4
14,boy,9,31,366,59,37,5
14,boy,9,25,367,29,25,3
14,boy,9,25,367,71,28,4
14,boy,9,25,367,25,32,5
14,boy,9,20,368,37,15,3
14,boy,9,20,368,39,18,4
14,boy,9,20,368,9,23,5
15,boy,4,28,369,38,29,3
15,boy,4,28,369,71,28,4
15,girl,4,34,370,36,30,3
15,girl,4,34,370,51,25,4
15,girl,5,31,371,62,25,3
15,girl,5,31,371,78,21,4
15,girl,1,35,372,87,38,3
15,girl,1,35,372,90,38,4
15,girl,1,35,372,84,36,5
15,boy,4,32,373,65,29,3
15,boy,4,32,373,80,29,4
15,boy,4,32,373,52,37,5
15,girl,4,16,374,52,20,3
15,girl,4,16,374,66,27,4
15,girl,2,36,375,88,37,3
15,girl,2,36,375,90,36,4
15,girl,2,36,375,92,36,5
15,girl,9,27,376,78,34,3
15,girl,9,27,376,82,32,4
15,girl,9,27,376,53,35,5
15,girl,3,17,377,50,20,3
15,girl,3,17,377,75,12,4
15,boy,7,25,378,60,36,3
15,boy,7,25,378,76,33,4
15,boy,9,16,379,17,8,3
15,boy,9,16,379,27,5,4
15,boy,9,34,380,81,26,3
15,boy,9,34,380,78,23,4
15,boy,9,34,380,50,33,5
15,boy,4,29,381,20,22,3
15,boy,4,29,381,41,13,4
15,boy,4,24,382,53,31,3
15,boy,4,23,383,3,15,3
15,boy,4,23,383,10,8,4
15,girl,2,34,384,87,34,3
15,girl,2,34,384,89,35,4
15,girl,2,34,384,92,37,5
15,girl,4,27,385,33,34,3
15,girl,4,27,385,50,24,4
15,girl,9,23,386,58,31,3
15,girl,9,23,386,65,20,4
15,girl,9,19,387,39,22,3
15,girl,9,19,387,48,13,4
15,girl,4,27,388,25,17,4
15,boy,9,14,390,23,16,3
15,boy,9,14,390,31,19,4
15,girl,4,24,391,67,24,3
15,girl,4,24,391,72,21,4
15,girl,4,24,391,44,36,5
15,boy,5,24,393,79,36,3
15,boy,5,24,393,85,26,4
15,girl,4,18,395,30,20,3
15,girl,4,18,395,56,15,4
16,boy,3,11,396,2,15,3
16,boy,3,11,396,22,3,4
16,boy,4,23,397,35,30,3
16,boy,4,23,397,69,27,4
16,boy,4,23,397,40,32,5
16,girl,4,22,398,45,23,3
16,girl,4,22,398,61,31,4
16,girl,4,22,398,30,28,5
16,boy,6,21,400,61,27,3
16,boy,6,21,400,74,26,4
16,boy,6,21,400,49,31,5
16,girl,4,21,402,48,22,3
16,girl,4,21,402,65,21,4
16,girl,4,21,402,46,37,5
16,boy,2,19,403,17,16,3
16,boy,2,19,403,28,11,4
16,girl,9,18,404,23,24,3
16,girl,9,18,404,75,13,4
16,girl,9,18,404,20,21,5
16,girl,6,20,405,34,18,3
16,girl,6,20,405,58,21,4
16,girl,6,20,405,30,23,5
16,girl,9,23,406,54,27,4
16,girl,9,23,406,24,34,5
16,boy,3,27,407,47,27,3
16,boy,3,27,407,71,34,4
16,boy,3,27,407,53,38,5
16,girl,9,25,408,83,35,3
16,girl,9,25,408,85,34,4
16,girl,9,25,408,71,37,5
16,girl,4,15,409,8,17,3
16,girl,4,15,409,26,12,4
16,boy,5,26,410,29,22,3
16,boy,5,26,410,54,23,4
16,boy,5,26,410,27,30,5
16,boy,4,19,411,18,27,3
16,boy,4,19,411,21,24,4
16,boy,4,19,411,17,26,5
16,girl,4,15,412,23,14,3
16,girl,4,15,412,43,8,4
16,girl,4,15,412,21,17,5
16,boy,6,22,413,19,12,3
16,boy,6,22,413,28,3,4
16,boy,6,22,413,14,8,5
16,boy,4,25,414,3,8,3
16,boy,4,25,414,2,8,4
16,boy,4,25,414,16,13,5
16,boy,6,20,415,29,22,3
16,boy,6,20,415,56,21,4
16,boy,6,20,415,25,30,5
16,boy,9,26,416,77,31,3
16,boy,9,26,416,86,35,4
16,boy,9,26,416,48,38,5
17,boy,2,33,417,86,39,3
17,boy,2,33,417,88,36,4
17,boy,2,33,417,92,38,5
17,girl,4,28,420,42,23,3
17,girl,4,28,420,72,24,4
17,girl,4,28,420,32,32,5
17,girl,8,31,421,88,33,3
17,girl,8,31,421,88,33,4
17,girl,8,31,421,73,39,5
17,girl,8,24,425,50,21,3
17,girl,8,24,425,72,25,4
17,girl,4,25,426,32,20,3
17,girl,4,25,426,55,19,4
17,girl,4,25,426,18,26,5
17,girl,9,31,429,27,30,3
17,girl,9,31,429,76,30,4
17,girl,9,31,429,62,38,5
17,boy,9,16,430,14,11,3
17,boy,9,16,430,17,15,4
17,boy,9,16,430,10,23,5
18,girl,8,14,434,33,10,3
18,boy,4,24,435,53,31,3
18,boy,4,24,435,49,26,4
18,boy,3,30,436,60,36,3
18,boy,3,30,436,84,28,4
18,boy,3,30,436,54,35,5
18,boy,9,10,437,23,15,3
18,boy,9,10,437,21,10,4
18,boy,9,10,437,21,23,5
18,boy,4,17,438,25,14,3
18,boy,4,17,438,52,13,4
18,boy,4,17,438,21,20,5
18,boy,4,28,439,53,22,3
18,boy,4,28,439,81,23,4
18,boy,4,28,439,27,26,5
18,girl,4,30,440,69,30,3
18,girl,4,30,440,83,28,4
18,girl,4,30,440,40,36,5
18,girl,1,34,441,85,34,3
18,girl,1,34,441,89,33,4
18,girl,1,34,441,74,38,5
18,girl,9,26,442,50,28,3
18,girl,9,26,442,66,27,4
18,girl,9,26,442,18,29,5
18,boy,9,19,443,39,20,4
18,boy,9,19,443,18,27,5
18,girl,4,23,444,54,22,3
18,girl,4,23,444,68,20,4
18,girl,4,23,444,16,25,5
18,girl,4,17,445,39,24,3
18,girl,4,17,445,39,29,5
18,boy,3,25,446,84,32,3
18,boy,3,25,446,88,27,4
18,boy,3,25,446,78,33,5
18,girl,5,19,447,53,25,3
18,girl,5,19,447,68,22,4
18,girl,5,19,447,44,30,5
18,girl,4,23,448,52,24,3
18,girl,4,23,448,59,11,4
18,girl,4,23,448,36,21,5
18,girl,4,31,449,87,35,3
18,girl,4,31,449,89,29,4
18,girl,4,31,449,80,38,5
18,girl,6,31,450,77,32,3
18,girl,6,31,450,81,28,4
18,girl,6,31,450,40,31,5
18,girl,9,26,451,51,25,3
18,girl,9,26,451,66,27,4
18,girl,9,26,451,31,33,5
18,boy,8,24,452,68,21,3
18,boy,8,24,452,81,20,4
18,boy,8,24,452,43,31,5
18,boy,5,31,453,30,17,3
18,boy,5,31,453,49,16,4
18,boy,5,31,453,32,29,5
19,girl,4,22,455,12,15,3
19,girl,4,22,455,34,27,4
19,girl,4,22,455,29,33,5
19,boy,5,21,456,24,30,3
19,boy,5,21,456,54,30,4
19,boy,5,21,456,33,34,5
19,boy,5,21,457,47,13,3
19,boy,5,21,457,64,13,4
19,boy,5,21,457,53,25,5
19,boy,2,33,458,49,18,3
19,boy,2,33,458,72,38,5
19,boy,9,32,459,26,32,3
19,boy,9,32,459,51,33,4
19,boy,9,32,459,45,37,5
19,boy,5,22,460,65,35,3
19,boy,5,22,460,85,30,4
19,boy,5,22,460,69,35,5
19,girl,5,17,461,21,15,3
19,girl,5,17,461,77,26,4
19,girl,5,17,461,51,30,5
19,boy,5,25,462,28,19,3
19,boy,5,25,462,47,28,4
19,boy,5,25,462,33,32,5
19,girl,9,26,463,57,29,3
19,girl,1,27,464,38,26,3
19,girl,1,27,464,66,28,4
19,girl,1,27,464,51,31,5
19,boy,5,24,465,30,37,3
19,boy,5,24,465,57,29,4
19,girl,9,35,466,67,29,3
19,girl,5,22,467,61,22,3
19,girl,5,22,467,70,27,4
19,girl,5,22,467,48,32,5
19,girl,5,34,468,46,26,3
19,girl,5,34,468,71,30,4
19,girl,5,34,468,40,33,5
19,girl,5,36,469,74,36,3
19,girl,5,36,469,80,35,4
19,girl,5,36,469,61,37,5
19,girl,5,34,470,27,28,3
19,girl,5,34,470,26,30,5
19,boy,5,19,471,30,25,3
19,boy,5,19,471,71,19,4
19,boy,5,19,471,52,27,5
20,boy,6,31,472,43,30,3
20,boy,6,31,472,51,24,4
20,boy,6,31,472,38,35,5
20,boy,4,23,473,20,26,3
20,boy,4,23,473,54,17,4
20,boy,4,23,473,11,32,5
20,girl,7,29,475,65,20,3
20,girl,7,29,475,77,15,4
20,girl,7,29,475,40,27,5
20,girl,2,35,476,86,37,3
20,girl,2,35,476,89,32,4
20,girl,2,35,476,93,37,5
20,boy,3,34,477,54,30,3
20,boy,3,34,477,75,28,4
20,boy,3,34,477,46,32,5
20,boy,6,24,478,28,25,3
20,boy,6,24,478,45,5,4
20,boy,6,24,478,25,14,5
20,girl,4,26,479,51,26,3
20,girl,4,26,479,66,18,4
20,girl,4,26,479,44,28,5
20,boy,9,26,480,17,19,3
20,boy,9,26,480,61,18,4
20,boy,9,26,480,19,35,5
20,boy,9,31,481,23,19,3
20,boy,9,31,481,32,29,4
20,boy,9,27,482,66,20,3
20,boy,9,27,482,79,27,4
20,boy,9,27,482,61,38,5
20,girl,9,20,484,44,25,3
20,girl,9,20,484,28,26,5
20,girl,6,26,486,65,29,3
20,girl,6,26,486,84,26,4
20,girl,7,27,487,61,27,3
20,girl,7,27,487,80,23,4
20,girl,7,27,487,37,37,5
20,boy,3,29,489,42,25,3
20,boy,3,29,489,72,25,4
20,boy,3,29,489,33,28,5
20,boy,9,31,491,46,26,3
20,boy,9,31,491,74,33,4
20,boy,9,31,491,37,38,5
21,girl,5,27,492,50,27,3
21,girl,5,27,492,83,21,4
21,girl,5,27,492,61,30,5
21,boy,4,24,494,68,30,3
21,boy,4,24,494,83,31,4
21,boy,4,24,494,70,33,5
21,girl,3,30,495,35,22,3
21,girl,3,30,495,54,24,4
21,girl,3,30,495,53,27,5
21,boy,9,30,496,26,17,3
21,boy,9,30,496,76,31,4
21,boy,9,30,496,54,30,5
21,boy,1,22,497,19,16,3
21,boy,1,22,497,46,13,4
21,boy,1,22,497,24,31,5
21,girl,9,21,498,49,19,3
21,girl,9,21,498,81,25,4
21,girl,9,21,498,39,24,5
21,boy,6,25,499,48,28,3
21,boy,6,25,499,76,23,4
21,boy,6,25,499,60,27,5
21,boy,6,32,500,14,18,3
21,boy,6,32,500,25,15,4
21,girl,6,19,501,15,20,3
21,girl,6,19,501,55,11,4
21,girl,6,19,501,45,24,5
21,girl,4,23,502,11,14,3
21,girl,4,23,502,22,8,4
21,girl,4,23,502,23,24,5
21,boy,4,34,503,72,25,3
21,boy,4,34,503,84,25,4
21,boy,4,34,503,66,30,5
21,boy,4,25,504,36,21,3
21,boy,4,25,504,69,18,4
21,boy,4,25,504,28,21,5
21,boy,6,21,505,17,24,3
21,boy,6,21,505,60,20,4
21,boy,6,21,505,33,28,5
21,girl,4,29,506,38,16,3
21,girl,4,29,506,60,21,4
21,girl,4,29,506,28,24,5
21,girl,4,35,507,48,31,3
21,girl,4,35,507,86,31,4
21,girl,4,35,507,73,34,5
21,boy,9,30,508,20,31,3
21,boy,9,30,508,42,29,4
21,boy,9,30,508,7,31,5
21,boy,4,14,509,13,18,3
21,boy,4,14,509,45,11,4
21,boy,4,14,509,25,15,5
21,boy,6,23,510,14,11,3
21,boy,6,23,510,38,11,4
21,boy,7,31,511,36,13,3
21,boy,7,31,511,76,20,4
21,boy,9,22,512,25,13,3
21,boy,9,22,512,28,16,4
21,boy,9,22,512,14,27,5
21,boy,6,25,514,20,16,3
21,boy,6,25,514,35,25,4
21,boy,6,25,514,26,18,5
21,girl,6,25,515,32,17,3
21,girl,6,25,515,67,17,4
21,girl,6,25,515,34,23,5
21,boy,4,27,516,18,28,3
21,boy,4,27,516,58,28,4
21,boy,4,27,516,34,29,5
21,girl,4,28,517,31,18,3
21,girl,4,28,517,78,19,4
21,girl,4,28,517,48,23,5
21,boy,1,32,518,44,29,3
21,boy,1,32,518,88,28,4
21,boy,1,32,518,49,36,5
21,girl,4,23,519,9,16,3
21,girl,4,23,519,37,13,4
21,girl,4,23,519,21,24,5
21,boy,9,33,520,17,22,3
21,boy,9,33,520,29,27,4
21,boy,9,33,520,16,33,5
21,boy,4,30,521,14,21,3
21,boy,4,30,521,52,19,4
21,boy,4,30,521,31,22,5
21,boy,4,31,522,46,18,3
21,boy,4,31,522,88,24,4
21,boy,4,31,522,67,31,5
21,boy,6,26,523,26,25,3
21,boy,6,26,523,73,31,4
21,boy,6,26,523,28,29,5
21,girl,9,27,524,53,23,3
21,girl,9,27,524,74,24,4
21,girl,9,27,524,42,35,5
21,girl,3,31,525,68,30,3
21,girl,3,31,525,80,21,4
22,boy,7,20,526,18,12,3
22,boy,7,20,526,12,5,4
22,boy,7,20,526,1,5,5
22,boy,7,26,527,62,35,3
22,boy,7,26,527,84,24,4
22,boy,7,26,527,50,36,5
22,girl,3,36,528,27,25,3
22,girl,3,36,528,34,14,4
22,girl,6,24,529,44,29,3
22,girl,6,24,529,56,25,4
22,girl,6,24,529,37,34,5
22,girl,3,35,530,82,39,3
22,girl,3,35,530,87,36,4
22,girl,3,35,530,80,38,5
22,boy,4,30,531,13,32,3
22,boy,4,30,531,12,37,4
22,boy,4,30,531,15,35,5
22,boy,3,29,532,50,32,3
22,boy,3,29,532,82,26,4
22,boy,3,29,532,48,34,5
22,girl,3,31,533,68,23,3
22,girl,3,31,533,70,20,4
22,girl,3,31,533,39,27,5
22,boy,7,25,534,57,29,3
22,boy,7,25,534,66,18,4
22,boy,7,25,534,33,27,5
22,boy,4,19,535,4,14,3
22,boy,4,19,535,3,2,4
22,girl,9,24,536,16,22,3
22,girl,9,24,536,56,23,4
22,girl,9,24,536,51,32,5
22,boy,4,27,537,70,23,3
22,boy,4,27,537,82,25,4
22,boy,4,27,537,37,27,5
22,boy,4,23,538,34,24,3
22,boy,4,23,538,46,22,4
22,boy,4,23,538,12,25,5
22,boy,8,29,539,18,25,3
22,boy,8,29,539,18,16,4
22,boy,8,29,539,8,25,5
22,boy,5,16,540,67,27,3
22,boy,5,16,540,62,17,4
22,boy,5,16,540,27,29,5
22,boy,4,25,541,25,23,3
22,boy,4,25,541,38,24,4
22,boy,4,25,541,28,25,5
23,girl,7,12,543,13,16,3
23,girl,7,12,543,22,6,4
23,girl,7,12,543,6,11,5
23,girl,4,31,545,79,34,3
23,girl,4,31,545,87,33,4
23,girl,4,31,545,74,40,5
23,boy,3,26,546,9,18,3
23,boy,3,26,546,7,16,4
23,boy,3,26,546,22,28,5
23,boy,4,25,548,70,28,3
23,boy,4,25,548,72,26,4
23,boy,4,25,548,26,25,5
23,boy,7,19,549,11,26,3
23,boy,7,19,549,19,13,4
23,boy,7,19,549,11,23,5
23,girl,7,25,550,70,25,3
23,girl,7,25,550,83,26,4
23,girl,7,25,550,51,31,5
23,boy,6,31,551,71,29,3
23,boy,6,31,551,79,33,4
23,boy,6,31,551,45,35,5
23,boy,9,25,552,43,30,3
23,boy,9,25,552,64,21,4
23,boy,9,25,552,32,33,5
23,boy,4,22,553,43,31,3
23,boy,4,22,553,72,28,4
23,boy,4,22,553,36,32,5
23,boy,5,27,554,84,36,3
23,boy,5,27,554,85,39,4
23,boy,5,27,554,76,40,5
23,girl,7,23,555,27,14,3
23,girl,7,23,555,46,25,4
23,girl,7,23,555,15,26,5
23,boy,8,15,556,19,12,3
23,boy,8,15,556,70,12,4
23,boy,8,15,556,40,24,5
23,boy,5,28,557,40,23,3
23,boy,5,28,557,61,24,4
23,boy,9,24,558,56,25,3
23,boy,9,24,558,64,24,4
23,boy,9,24,558,33,35,5
23,boy,7,14,559,1,12,3
23,boy,7,14,559,8,13,4
23,boy,7,14,559,3,9,5
23,girl,7,28,560,64,24,3
23,girl,7,28,560,83,28,4
23,girl,7,28,560,40,32,5
23,boy,2,36,561,83,33,3
23,boy,2,36,561,90,34,4
23,boy,2,36,561,74,37,5
23,boy,9,17,562,42,25,3
23,boy,9,17,562,63,27,4
23,boy,3,28,563,72,28,3
23,boy,3,28,563,82,23,4
23,boy,3,28,563,54,28,5
23,girl,4,27,564,31,26,3
23,girl,4,27,564,60,30,4
23,girl,4,27,564,24,34,5
24,girl,9,20,565,42,24,3
24,girl,9,20,565,74,26,4
24,girl,9,20,565,45,35,5
24,boy,2,23,566,72,25,3
24,boy,2,23,566,85,27,4
24,boy,2,23,566,44,35,5
24,girl,4,11,567,9,15,3
24,girl,4,11,567,50,18,4
24,girl,4,11,567,31,32,5
24,boy,9,29,568,40,31,3
24,boy,9,29,568,56,36,4
24,boy,9,29,568,18,37,5
24,boy,4,22,569,24,21,3
24,boy,4,22,569,48,11,4
24,boy,4,22,569,18,34,5
24,boy,3,24,570,79,35,3
24,boy,3,24,570,86,31,4
24,boy,3,24,570,51,37,5
24,girl,2,21,571,82,31,3
24,girl,2,21,571,90,32,4
24,girl,2,21,571,69,37,5
24,boy,4,36,572,62,31,3
24,boy,4,36,572,80,32,4
24,boy,4,36,572,44,36,5
24,boy,5,23,573,41,20,3
24,boy,5,23,573,55,22,4
24,boy,5,23,573,23,27,5
24,boy,9,26,574,72,30,3
24,boy,9,26,574,83,33,4
24,boy,9,26,574,58,40,5
24,girl,4,30,576,83,34,3
24,girl,4,30,576,87,32,4
24,girl,4,30,576,66,37,5
24,boy,4,22,577,70,27,3
24,boy,4,22,577,82,25,4
24,boy,4,22,577,51,33,5
24,girl,9,32,578,89,37,3
24,girl,9,32,578,89,36,4
24,girl,9,32,578,74,37,5
24,girl,2,32,579,87,35,3
24,girl,2,32,579,87,35,4
24,girl,2,32,579,77,37,5
24,girl,4,28,580,41,20,3
24,girl,4,28,580,74,29,4
24,girl,4,28,580,36,36,5
24,girl,4,22,582,25,12,3
24,girl,4,22,582,68,15,4
24,girl,4,22,582,17,23,5
24,girl,4,21,583,71,18,3
24,girl,4,21,583,81,27,4
24,girl,4,21,583,46,31,5
24,girl,5,24,584,70,22,3
24,girl,5,24,584,84,20,4
24,girl,5,24,584,41,31,5
24,boy,4,24,585,43,26,3
24,boy,4,24,585,72,24,4
24,boy,4,24,585,48,36,5
24,girl,4,23,586,52,26,3
24,girl,4,23,586,76,27,4
24,girl,4,23,586,34,29,5
24,girl,4,32,587,86,31,3
24,girl,4,32,587,88,38,4
24,girl,4,32,587,55,38,5
25,girl,9,16,589,32,20,3
25,girl,9,16,589,54,15,4
25,girl,9,16,589,30,25,5
25,girl,4,20,590,26,23,3
25,girl,4,20,590,47,22,4
25,girl,6,23,591,84,22,4
25,girl,6,23,591,47,31,5
25,boy,9,20,592,12,22,3
25,boy,9,20,592,27,12,4
25,boy,9,20,592,24,28,5
25,girl,9,33,593,83,31,3
25,girl,9,33,593,88,30,4
25,boy,9,35,594,84,38,3
25,boy,9,35,594,88,34,4
25,boy,9,35,594,71,34,5
25,girl,2,22,597,70,25,3
25,girl,2,22,597,80,19,4
25,girl,2,22,597,48,32,5
25,girl,9,34,598,87,34,3
25,girl,9,34,598,89,36,4
25,girl,9,34,598,82,40,5
25,girl,1,31,599,84,36,3
25,girl,1,31,599,87,35,4
25,girl,1,31,599,85,39,5
25,boy,4,32,600,17,24,3
25,boy,4,32,600,8,30,5
25,boy,3,4,601,55,27,3
25,boy,3,4,601,32,16,4
25,boy,3,4,601,18,33,5
25,boy,5,26,603,26,30,3
25,boy,5,26,603,29,22,4
25,boy,5,26,603,6,29,5
25,boy,9,23,605,49,25,3
25,boy,9,23,605,75,26,4
25,boy,9,23,605,32,34,5
25,boy,4,25,607,53,27,3
25,boy,4,25,607,40,24,4
25,boy,6,29,608,51,31,3
25,boy,6,29,608,66,29,4
25,boy,1,27,610,77,30,4
25,boy,1,27,610,55,35,5
25,boy,9,30,612,15,18,3
25,boy,9,30,612,30,23,4
25,boy,9,30,612,32,33,5
25,boy,6,16,613,71,31,3
25,boy,6,16,613,81,28,4
25,boy,6,16,613,36,32,5
26,boy,4,28,614,21,21,3
26,boy,4,28,614,79,26,4
26,girl,6,29,615,43,31,3
26,girl,6,29,615,84,36,4
26,girl,6,29,615,39,36,5
26,girl,6,13,616,22,25,3
26,girl,6,13,616,73,27,4
26,girl,4,22,617,31,20,3
26,girl,4,22,617,51,25,4
26,girl,4,22,617,12,35,5
26,boy,4,32,618,25,30,3
26,boy,4,32,618,50,25,4
26,boy,4,32,618,13,34,5
26,boy,9,20,619,13,23,3
26,boy,9,20,619,36,20,4
26,boy,4,22,620,54,29,3
26,boy,4,22,620,84,31,4
26,boy,4,22,620,38,37,5
26,boy,4,19,621,23,15,3
26,boy,4,19,621,78,18,4
26,boy,4,19,621,42,24,5
26,boy,4,26,622,65,30,3
26,boy,4,26,622,83,34,4
26,boy,4,26,622,36,33,5
26,girl,9,17,623,16,11,3
26,girl,9,17,623,42,16,4
26,boy,4,26,624,6,11,3
26,boy,4,26,624,34,14,4
26,boy,4,26,624,8,11,5
26,girl,4,27,625,32,32,3
26,girl,4,27,625,78,35,4
26,girl,4,27,625,47,37,5
26,girl,5,28,626,23,25,3
26,girl,5,28,626,69,29,4
26,girl,5,28,626,40,33,5
26,boy,4,24,627,46,22,3
26,boy,4,24,627,66,20,4
26,boy,4,24,627,29,26,5
26,girl,4,30,628,58,33,3
26,girl,4,30,628,80,38,4
26,girl,4,30,628,43,39,5
26,girl,4,32,629,88,22,3
26,girl,4,32,629,89,29,4
26,boy,9,32,630,29,15,3
26,boy,9,32,630,61,25,4
26,boy,4,12,632,2,13,3
26,boy,4,12,632,15,18,4
26,girl,4,24,633,22,25,3
26,girl,4,24,633,73,31,4
26,girl,4,24,633,22,29,5
26,girl,4,14,634,64,31,3
26,girl,4,14,634,87,36,4
26,girl,4,14,634,61,37,5
26,boy,4,23,635,61,34,3
26,boy,4,23,635,81,28,4
26,boy,4,23,635,44,36,5
26,boy,4,20,636,74,28,3
26,boy,4,20,636,85,33,4
26,girl,4,26,637,69,24,3
26,girl,4,26,637,80,20,4
26,girl,4,26,637,48,33,5
26,boy,4,27,638,41,31,3
26,boy,4,27,638,70,30,4
26,girl,4,19,639,55,32,3
26,girl,4,19,639,65,30,4
26,girl,4,19,639,35,35,5
26,boy,4,30,640,75,33,3
26,boy,4,30,640,79,28,4
26,boy,4,30,640,53,30,5
26,boy,7,33,641,67,33,3
26,boy,7,33,641,85,35,4
26,boy,7,33,641,68,39,5
26,boy,9,27,642,64,24,3
26,boy,9,27,642,78,18,4
26,boy,9,27,642,34,27,5
26,boy,4,14,643,38,17,3
26,boy,4,14,643,54,14,4
26,boy,4,14,643,15,18,5
27,girl,2,21,644,50,22,3
27,girl,2,21,644,74,21,4
27,girl,2,21,644,25,33,5
27,boy,3,14,645,16,16,3
27,boy,3,14,645,25,23,4
27,boy,4,25,646,19,19,3
27,boy,4,25,646,41,22,4
27,boy,4,25,646,7,29,5
27,boy,4,23,647,48,15,4
27,boy,4,23,647,15,28,5
27,girl,6,28,648,33,25,3
27,girl,6,28,648,59,26,4
27,girl,6,28,648,22,30,5
27,boy,2,23,649,28,28,3
27,boy,2,23,649,71,26,4
27,boy,2,23,649,15,31,5
27,girl,5,14,650,14,18,3
27,girl,5,14,650,49,8,4
27,girl,5,14,650,23,14,5
27,boy,4,28,651,51,28,3
27,boy,4,28,651,64,26,4
27,boy,4,28,651,36,36,5
27,boy,4,19,652,22,23,3
27,boy,4,19,652,32,16,4
27,boy,4,19,652,9,23,5
27,boy,6,18,653,9,8,3
27,boy,6,18,653,13,7,4
27,girl,2,24,654,69,20,3
27,girl,2,24,654,81,21,4
27,girl,2,24,654,51,33,5
27,boy,3,20,655,49,23,3
27,boy,3,20,655,68,25,4
27,boy,3,20,655,22,33,5
27,boy,4,24,656,13,25,3
27,boy,4,24,656,39,22,4
27,boy,4,24,656,21,31,5
27,girl,4,17,658,45,17,3
27,girl,4,17,658,52,8,4
27,girl,6,23,659,59,27,3
27,girl,6,23,659,77,28,4
27,girl,6,23,659,43,39,5
27,boy,3,24,660,58,22,3
27,boy,3,24,660,66,27,4
27,boy,3,24,660,33,32,5
27,boy,4,26,661,65,26,3
27,boy,4,26,661,77,22,4
27,boy,4,26,661,38,32,5
27,boy,9,23,662,21,22,3
27,boy,9,23,662,31,14,4
27,girl,6,25,663,20,19,3
27,girl,6,25,663,21,16,4
27,girl,6,25,663,8,21,5
27,girl,2,25,664,34,18,3
27,girl,2,25,664,55,20,4
27,girl,2,25,664,31,29,5
27,girl,4,28,665,81,36,3
27,girl,4,28,665,80,37,4
27,girl,4,28,665,65,39,5
27,girl,7,26,666,34,25,3
27,girl,7,26,666,48,24,4
27,girl,7,26,666,27,29,5
27,boy,4,23,667,25,24,3
27,boy,4,23,667,64,19,4
27,boy,4,23,667,19,28,5
27,girl,5,34,668,83,24,4
27,girl,5,34,668,62,33,5
27,boy,4,26,669,74,18,4
27,boy,4,26,669,54,29,5
27,boy,6,23,670,19,18,3
27,boy,6,23,670,14,19,4
27,boy,6,30,671,68,30,3
27,boy,6,30,671,80,36,4
27,boy,6,30,671,46,37,5
28,girl,6,22,672,3,13,3
28,girl,6,22,672,14,13,4
28,girl,6,22,672,4,14,5
28,girl,5,22,673,15,11,3
28,girl,5,22,673,13,9,4
28,girl,5,22,673,6,14,5
28,boy,6,16,674,0,1,3
28,boy,6,20,675,5,18,3
28,girl,4,24,677,25,16,3
28,girl,4,24,677,37,14,4
28,girl,4,24,677,14,22,5
28,girl,7,22,678,26,9,3
28,girl,7,22,678,47,10,4
28,girl,7,22,678,10,13,5
28,boy,7,25,679,13,21,3
28,boy,7,25,679,27,14,4
28,boy,7,25,679,16,31,5
28,girl,5,23,680,22,25,3
28,girl,5,23,680,68,22,4
28,girl,5,23,680,39,39,5
28,girl,9,28,683,29,10,4
28,girl,9,28,683,13,14,5
28,boy,7,19,684,8,14,3
28,boy,7,19,684,22,17,4
28,boy,7,19,684,12,21,5
28,girl,2,24,686,10,24,3
28,girl,2,24,686,52,24,4
28,girl,2,24,686,29,21,5
28,girl,9,25,687,86,27,3
28,girl,9,25,687,91,30,4
28,girl,3,19,688,17,12,3
28,girl,3,19,688,41,28,4
28,girl,3,19,688,19,25,5
28,boy,1,21,689,14,11,3
28,boy,1,21,689,27,24,4
28,boy,1,21,689,20,27,5
28,boy,4,20,690,20,27,3
28,boy,4,20,690,50,16,4
28,boy,4,20,690,18,22,5
28,boy,5,15,691,64,29,3
28,boy,5,15,691,87,33,4
28,boy,5,15,691,57,37,5
28,girl,4,23,692,41,26,3
28,girl,4,23,692,57,23,4
28,girl,4,23,692,43,29,5
28,girl,1,31,694,74,29,3
28,girl,1,31,694,89,32,4
28,girl,1,31,694,92,39,5
29,boy,6,30,696,52,23,3
29,boy,6,30,696,75,29,4
29,boy,6,30,696,15,29,5
29,boy,4,19,697,16,21,4
29,boy,4,19,697,4,22,5
29,girl,4,32,699,62,32,3
29,girl,4,32,699,84,35,4
29,girl,4,32,699,49,36,5
29,girl,7,14,700,22,18,3
29,girl,7,14,700,42,23,4
29,girl,4,30,701,46,19,3
29,girl,4,30,701,76,27,4
29,girl,4,30,701,24,29,5
29,girl,2,30,702,81,30,3
29,girl,2,30,702,81,31,4
29,girl,2,33,703,49,22,3
29,girl,2,33,703,70,29,4
29,girl,2,33,703,54,32,5
29,boy,3,24,705,15,20,3
29,boy,3,24,705,23,32,4
29,boy,4,24,707,22,19,3
29,boy,4,24,707,59,30,4
29,boy,4,24,707,15,20,5
29,girl,4,24,708,64,28,3
29,girl,4,24,708,83,21,4
29,girl,4,24,708,28,28,5
29,boy,2,33,709,80,24,3
29,boy,2,33,709,77,29,4
29,boy,2,33,709,54,29,5
29,boy,3,35,710,31,25,3
29,boy,3,35,710,46,24,4
29,boy,4,33,711,67,31,3
29,boy,4,33,711,82,31,4
29,boy,4,33,711,44,29,5
29,girl,2,21,712,72,25,3
29,girl,2,21,712,77,28,4
29,boy,6,16,713,26,17,3
29,boy,6,16,713,27,15,4
29,boy,6,16,713,0,14,5
29,boy,4,34,714,46,24,3
29,boy,4,34,714,69,28,4
29,boy,4,34,714,22,33,5
29,girl,2,31,715,46,19,3
29,girl,2,31,715,77,23,4
29,girl,2,31,715,18,24,5
29,boy,4,33,716,18,21,3
29,boy,4,33,716,42,30,4
29,boy,4,33,716,20,29,5
29,boy,2,34,717,83,36,3
29,boy,2,34,717,89,29,4
29,girl,4,25,719,45,27,3
29,girl,4,25,719,68,24,4
29,girl,5,32,720,86,35,3
29,girl,5,32,720,88,35,4
29,girl,5,27,721,76,31,3
29,girl,5,27,721,81,35,4
29,girl,5,27,722,52,30,3
29,girl,5,27,722,66,30,4
29,girl,4,27,723,86,34,3
29,girl,4,27,723,89,34,4
29,girl,4,27,724,72,22,3
29,girl,4,27,724,80,27,4
30,girl,3,24,725,82,33,3
30,girl,3,24,725,90,33,4
30,girl,3,24,725,76,38,5
30,girl,3,23,726,84,23,3
30,girl,3,23,726,87,29,4
30,girl,3,23,726,58,35,5
30,boy,2,26,727,81,29,3
30,boy,2,26,727,67,37,5
30,boy,4,18,728,21,8,3
30,boy,4,18,728,19,17,4
30,boy,4,18,728,11,31,5
30,boy,9,23,729,53,28,3
30,boy,9,23,729,77,22,4
30,girl,3,16,730,78,28,3
30,girl,3,16,730,87,30,4
30,girl,9,32,731,74,28,3
30,girl,9,32,731,89,30,4
30,girl,9,32,731,66,35,5
30,girl,4,19,732,69,22,3
30,girl,4,19,732,79,21,4
30,girl,4,19,732,47,27,5
30,girl,4,17,733,36,12,3
30,girl,4,17,733,59,22,4
30,girl,4,29,734,72,19,3
30,girl,4,29,734,84,25,4
30,girl,4,29,734,56,25,5
30,boy,4,18,735,78,27,3
30,boy,4,18,735,78,32,5
30,girl,4,23,736,79,22,3
30,girl,4,23,736,79,27,4
30,girl,4,23,736,52,30,5
30,boy,2,22,737,39,13,3
30,boy,2,22,737,39,12,4
30,boy,2,22,737,9,18,5
30,boy,4,18,738,19,19,5
30,girl,9,24,739,90,35,5
30,boy,3,18,740,60,28,3
30,boy,3,18,740,78,26,4
30,boy,3,18,740,56,36,5
30,girl,4,17,741,63,19,3
30,girl,4,17,741,72,22,4
30,girl,4,26,743,86,23,3
30,girl,4,26,743,88,32,4
30,girl,4,34,744,83,34,3
30,girl,4,34,744,88,36,4
30,girl,4,34,744,78,37,5
30,girl,4,20,745,50,31,3
30,girl,4,20,745,71,30,4
30,girl,9,19,746,67,28,3
30,girl,9,19,746,82,26,4
30,girl,9,19,746,62,32,5
30,girl,4,24,747,50,28,3
30,girl,4,24,747,78,33,4
30,girl,4,24,747,31,38,5
30,girl,4,23,748,69,30,3
30,girl,4,23,748,81,26,4
30,girl,4,23,748,78,32,5
30,girl,3,29,749,29,30,3
30,girl,3,29,749,28,35,5
30,girl,9,27,750,69,24,3
30,girl,9,27,750,90,29,4
30,girl,8,21,751,71,25,3
30,girl,8,21,751,77,25,4
30,girl,8,21,751,59,30,5
30,girl,4,27,752,52,29,3
30,girl,4,27,752,70,31,4
30,girl,4,27,752,43,32,5
30,boy,7,22,753,52,33,3
30,boy,7,22,753,75,31,4
30,boy,7,22,753,33,34,5
30,girl,2,24,754,87,27,3
30,girl,2,24,754,89,33,4
30,girl,2,24,754,82,35,5
30,girl,2,25,755,79,33,3
30,girl,2,25,755,88,25,4
30,girl,2,25,755,80,34,5
30,boy,3,17,756,48,20,3
30,boy,3,17,756,51,29,5
30,girl,4,17,757,77,26,3
30,girl,4,17,757,85,27,4
30,boy,2,27,758,82,25,3
30,boy,2,27,758,56,35,5
30,girl,2,23,759,58,21,3
30,girl,2,23,759,82,24,4
30,girl,4,18,760,6,12,3
30,girl,4,18,760,30,10,4
30,girl,4,18,760,12,11,5
30,boy,4,26,762,57,25,3
30,boy,4,26,762,70,19,4
30,boy,4,26,762,43,25,5
30,girl,4,17,763,29,15,3
31,boy,4,30,764,26,18,3
31,boy,4,30,764,76,21,4
31,boy,4,30,764,73,39,5
31,boy,2,34,765,76,35,3
31,boy,2,34,765,86,37,4
31,boy,2,34,765,86,39,5
31,boy,2,26,766,65,29,3
31,boy,2,26,766,85,29,4
31,boy,2,26,766,72,37,5
31,boy,1,31,768,76,32,3
31,boy,1,31,768,89,37,4
31,boy,1,31,768,75,39,5
31,girl,4,26,770,75,28,3
31,girl,4,26,770,82,31,4
31,girl,4,26,770,66,36,5
31,boy,4,25,771,26,17,3
31,boy,4,25,771,71,20,4
31,girl,4,26,772,76,25,3
31,girl,4,26,772,83,28,4
31,girl,4,26,772,44,35,5
31,girl,2,25,773,67,24,3
31,girl,2,25,773,78,15,4
31,girl,2,25,773,56,30,5
31,boy,2,35,774,22,33,3
31,boy,2,35,774,73,32,4
31,boy,2,35,774,61,35,5
31,boy,2,33,775,47,35,3
31,boy,2,33,775,79,30,4
31,boy,2,33,775,76,37,5
31,girl,5,21,776,40,20,3
31,girl,5,21,776,69,18,4
31,girl,5,21,776,37,34,5
31,girl,6,18,777,31,20,3
31,girl,6,18,777,71,19,4
31,girl,6,18,777,29,30,5
31,girl,4,22,779,57,22,3
31,girl,4,22,779,74,23,4
31,girl,4,22,779,54,31,5
31,boy,3,22,780,31,18,3
31,boy,3,22,780,69,25,4
31,boy,3,22,780,50,30,5
31,boy,4,23,781,29,14,3
31,boy,4,23,781,74,15,4
31,boy,4,23,781,38,33,5
31,boy,4,20,782,14,13,3
31,boy,4,20,782,62,20,4
31,boy,4,20,782,47,35,5
31,girl,8,29,783,73,34,3
31,girl,8,29,783,86,24,4
31,girl,8,29,783,58,31,5
31,boy,5,32,784,26,27,3
31,boy,5,32,784,69,21,4
31,boy,5,32,784,53,35,5
31,boy,5,25,785,30,26,3
31,boy,5,25,785,64,32,4
31,boy,5,25,785,49,37,5
31,boy,2,33,786,84,33,3
31,boy,2,33,786,89,39,4
31,boy,2,33,786,97,40,5
31,boy,4,23,787,63,28,3
31,boy,4,23,787,76,21,4
31,boy,4,23,787,47,30,5
31,girl,3,30,788,79,34,3
31,girl,3,30,788,88,33,4
31,girl,3,30,788,77,39,5
31,girl,3,32,789,85,38,3
31,girl,3,32,789,90,38,4
31,girl,3,32,789,95,40,5
31,girl,2,29,790,74,35,3
31,girl,2,29,790,86,33,4
31,girl,2,29,790,66,38,5
31,girl,2,34,791,84,36,3
31,girl,2,34,791,87,40,4
31,girl,2,34,791,85,40,5
31,boy,2,36,793,83,40,3
31,boy,2,36,793,86,37,4
31,boy,2,36,793,83,40,5
31,boy,2,35,794,88,35,3
31,boy,2,35,794,90,30,4
31,boy,2,35,794,70,36,5
31,boy,3,26,796,82,37,3
31,boy,3,26,796,88,33,4
31,boy,3,26,796,85,39,5
31,boy,3,34,797,87,40,3
31,boy,3,34,797,88,40,4
31,boy,3,34,797,93,40,5
31,boy,2,28,798,37,33,3
31,boy,2,28,798,70,36,4
31,boy,2,28,798,54,33,5
31,girl,4,27,799,69,30,3
31,girl,4,27,799,79,33,4
31,girl,4,27,799,43,36,5
31,girl,3,19,800,49,24,3
31,girl,3,19,800,68,21,4
31,girl,3,19,800,41,33,5
31,boy,9,32,801,59,27,3
31,boy,9,32,801,80,28,4
31,boy,9,32,801,76,37,5
31,girl,4,26,802,34,22,3
31,girl,4,26,802,70,24,4
31,girl,4,26,802,38,35,5
31,girl,9,12,803,59,13,3
31,girl,9,12,803,79,10,4
31,girl,9,12,803,37,28,5
31,boy,9,34,804,83,35,3
31,boy,9,34,804,89,35,4
31,boy,9,34,804,85,37,5
32,girl,4,12,805,21,20,3
32,girl,4,12,805,42,17,4
32,girl,4,12,805,24,22,5
32,girl,2,33,806,86,33,3
32,girl,2,33,806,75,36,5
32,girl,9,23,807,74,30,3
32,girl,9,23,807,83,32,4
32,girl,9,23,807,51,37,5
32,girl,5,27,808,35,24,3
32,girl,5,27,808,82,32,4
32,girl,5,27,808,51,32,5
32,girl,3,31,809,88,32,3
32,girl,3,31,809,90,34,4
32,girl,3,31,809,72,34,5
32,girl,2,22,810,29,21,3
32,girl,2,22,810,67,27,4
32,girl,2,22,810,40,34,5
32,girl,2,28,811,82,29,3
32,girl,2,28,811,87,33,4
32,girl,2,28,811,74,32,5
32,girl,9,22,812,31,24,3
32,girl,9,22,812,52,18,4
32,girl,9,22,812,22,23,5
32,girl,4,20,813,32,16,3
32,girl,4,20,813,52,19,4
32,girl,4,20,813,21,18,5
32,girl,4,22,814,82,36,3
32,girl,4,22,814,90,39,4
32,girl,4,22,814,80,37,5
32,girl,2,28,815,90,33,3
32,girl,2,28,815,86,33,4
32,girl,2,28,815,77,31,5
32,girl,4,18,816,31,20,3
32,girl,4,18,816,64,25,4
32,girl,4,18,816,54,32,5
32,girl,5,19,817,51,31,3
32,girl,5,19,817,75,29,4
32,girl,5,19,817,25,32,5
32,girl,4,33,818,76,31,3
32,girl,4,33,818,88,32,4
32,girl,4,33,818,66,35,5
32,girl,6,10,819,27,17,3
32,girl,6,10,819,28,23,4
32,girl,4,19,820,45,23,3
32,girl,4,19,820,78,26,4
32,girl,4,19,820,32,25,5
32,girl,3,26,821,17,18,3
32,girl,3,26,821,66,22,4
32,girl,9,22,822,59,29,3
32,girl,9,22,822,86,31,4
32,girl,9,22,822,54,37,5
32,girl,1,19,823,70,30,3
32,girl,1,19,823,82,24,4
32,girl,1,19,823,50,34,5
32,girl,2,32,824,51,34,3
32,girl,2,32,824,85,32,4
32,girl,2,32,824,59,34,5
32,girl,2,14,825,30,11,3
32,girl,2,14,825,66,12,4
32,girl,2,14,825,25,13,5
32,girl,4,22,826,58,26,3
32,girl,4,22,826,79,29,4
32,girl,4,22,826,45,30,5
32,girl,2,28,827,23,18,3
32,girl,2,28,827,24,18,4
32,girl,2,13,828,47,17,3
32,girl,2,13,828,64,23,4
32,girl,2,13,828,26,27,5
32,girl,5,23,829,40,14,3
32,girl,5,23,829,63,16,4
32,girl,5,23,829,25,21,5
32,girl,5,17,830,56,22,3
32,girl,5,17,830,71,31,4
32,girl,5,17,830,33,19,5
33,girl,4,32,831,57,30,3
33,girl,4,32,831,63,24,4
33,girl,4,32,831,46,31,5
33,girl,6,23,832,24,20,3
33,girl,6,23,832,41,25,4
33,girl,6,23,832,17,21,5
33,boy,7,26,833,64,35,3
33,boy,7,26,833,82,23,4
33,boy,7,26,833,34,26,5
33,boy,4,16,834,16,21,3
33,boy,4,16,834,33,13,4
33,boy,4,16,834,15,11,5
33,boy,4,24,835,50,27,3
33,boy,4,24,835,60,20,4
33,boy,4,24,835,45,23,5
33,girl,3,23,836,82,28,4
33,girl,3,23,836,57,25,5
33,boy,9,22,837,40,27,4
33,boy,9,22,837,16,22,5
33,boy,4,24,838,69,28,3
33,boy,4,24,838,87,26,4
33,boy,4,24,838,67,30,5
33,boy,4,23,841,37,28,3
33,boy,4,23,841,71,31,4
33,boy,4,23,841,28,24,5
33,girl,4,29,842,81,34,3
33,girl,4,29,842,87,36,4
33,girl,4,29,842,87,38,5
33,girl,5,11,843,45,19,3
33,girl,5,11,843,61,17,4
33,girl,5,11,843,23,18,5
33,girl,9,18,844,36,18,4
33,girl,9,18,844,23,21,5
33,boy,6,14,845,18,22,3
33,boy,6,14,845,61,15,4
33,boy,6,14,845,31,24,5
33,boy,3,25,846,28,24,3
33,boy,3,25,846,28,22,4
33,girl,6,21,847,36,27,3
33,girl,6,21,847,73,17,4
33,girl,6,21,847,30,28,5
33,boy,4,25,848,45,30,3
33,boy,4,25,848,74,15,4
33,boy,4,25,848,41,30,5
33,boy,3,27,849,81,31,3
33,boy,3,27,849,74,28,4
33,boy,3,27,849,67,32,5
33,girl,4,22,850,56,24,3
33,girl,4,22,850,78,17,4
33,girl,4,22,850,45,23,5
33,boy,6,24,851,81,33,3
33,boy,6,24,851,78,27,4
33,boy,6,24,851,47,33,5
33,girl,6,30,852,70,27,3
33,girl,6,30,852,80,22,4
33,girl,6,30,852,37,35,5
33,girl,2,24,853,71,29,3
33,girl,2,24,853,83,24,4
33,girl,2,24,853,63,31,5
33,boy,2,18,854,59,15,4
33,boy,2,18,854,37,27,5
33,girl,2,16,855,55,28,3
33,girl,2,16,855,67,14,4
33,boy,4,31,856,79,32,3
33,boy,4,31,856,84,30,4
33,boy,4,31,856,60,33,5
33,girl,3,16,857,74,31,3
33,girl,3,16,857,84,21,4
33,girl,3,16,857,62,28,5
33,girl,5,31,858,90,34,3
33,girl,5,31,858,89,35,4
33,girl,5,31,858,95,36,5
33,boy,4,34,859,63,35,3
33,boy,4,34,859,85,35,4
33,boy,4,34,859,68,35,5
33,girl,4,28,860,20,24,3
33,girl,4,28,860,59,20,4
33,girl,4,28,860,28,26,5
33,girl,4,23,861,49,28,3
33,girl,4,23,861,68,22,4
33,girl,4,23,861,25,21,5
33,boy,4,24,862,26,21,3
33,boy,4,24,862,48,12,4
33,boy,4,24,862,18,25,5
33,girl,4,34,863,75,35,3
33,girl,4,34,863,76,35,4
33,girl,4,34,863,77,37,5
33,boy,6,35,864,63,27,3
33,boy,6,35,864,83,23,4
33,boy,6,35,864,54,32,5
33,boy,9,35,865,58,28,3
33,boy,9,35,865,70,30,4
33,boy,9,35,865,53,35,5
33,boy,4,31,866,67,33,3
33,boy,4,31,866,80,32,4
33,boy,4,31,866,53,33,5
33,girl,4,30,867,90,32,3
33,girl,4,30,867,90,30,4
33,girl,4,30,867,78,37,5
33,boy,4,18,868,82,31,3
33,boy,4,18,868,80,29,4
33,boy,4,18,868,71,37,5
33,boy,3,30,869,62,30,3
33,boy,3,30,869,80,25,4
33,boy,3,30,869,51,30,5
33,boy,4,32,870,74,30,3
33,boy,4,32,870,61,33,5
33,girl,5,32,871,77,33,3
33,girl,5,32,871,82,27,4
33,girl,5,32,871,66,28,5
33,girl,2,36,872,89,36,3
33,girl,2,36,872,90,39,4
33,girl,2,36,872,95,37,5
33,boy,2,32,873,67,30,3
33,boy,2,32,873,74,23,4
33,boy,2,32,873,39,32,5
33,boy,2,24,874,66,26,3
33,boy,2,24,874,76,29,4
33,boy,2,24,874,57,27,5
33,girl,4,29,875,80,31,3
33,girl,4,29,875,86,26,4
33,girl,4,29,875,72,33,5
33,girl,4,34,876,81,34,3
33,girl,4,34,876,83,28,4
33,girl,4,34,876,72,33,5
33,girl,2,14,877,71,28,3
33,girl,2,14,877,81,31,4
33,girl,2,14,877,54,32,5
33,girl,6,36,878,91,39,3
33,girl,6,36,878,90,32,4
33,girl,6,36,878,89,36,5
34,boy,2,19,879,61,25,3
34,boy,2,19,879,76,31,4
34,boy,2,19,879,46,34,5
34,girl,3,28,881,67,30,3
34,girl,3,28,881,84,35,4
34,girl,3,28,881,63,36,5
34,girl,4,15,882,9,12,3
34,girl,4,15,882,48,12,4
34,girl,4,15,882,13,23,5
34,boy,5,28,883,72,26,3
34,boy,5,28,883,85,33,4
34,boy,5,28,883,42,36,5
34,girl,5,21,884,36,24,3
34,girl,5,21,884,75,28,4
34,girl,5,21,884,61,31,5
34,girl,4,28,885,68,30,3
34,girl,4,28,885,86,32,4
34,girl,4,28,885,70,35,5
34,girl,4,28,886,69,32,3
34,girl,4,28,886,86,31,4
34,girl,4,28,886,73,35,5
34,girl,4,30,887,64,30,3
34,girl,4,30,887,83,34,4
34,girl,4,30,887,67,37,5
34,girl,4,29,889,76,31,3
34,girl,4,29,889,86,36,4
34,girl,4,26,890,78,25,4
34,girl,3,28,891,36,24,3
34,girl,3,28,891,59,29,4
34,girl,3,28,891,48,34,5
34,girl,9,29,892,78,33,3
34,girl,9,29,892,86,35,4
34,girl,9,29,892,81,37,5
34,boy,4,26,893,81,31,3
34,boy,4,26,893,89,36,4
34,boy,4,26,893,75,38,5
34,girl,4,23,894,46,32,3
34,girl,4,23,894,73,21,4
34,girl,4,23,894,41,30,5
34,boy,2,20,895,48,17,3
34,boy,2,20,895,75,16,4
34,boy,2,20,895,38,30,5
34,girl,4,28,896,66,24,3
34,girl,4,28,896,80,28,4
34,boy,4,30,897,86,35,3
34,boy,4,30,897,91,31,4
34,girl,2,20,898,34,31,3
34,girl,2,20,898,73,32,4
34,girl,2,20,898,41,35,5
34,girl,1,24,899,30,21,3
34,girl,1,24,899,69,20,4
34,girl,4,30,900,67,33,3
34,girl,4,30,900,83,36,4
34,girl,4,30,900,56,37,5
34,girl,2,19,901,47,16,3
34,girl,2,19,901,69,22,4
34,girl,4,18,904,26,19,3
34,girl,4,18,904,48,24,4
34,girl,4,18,904,18,29,5
34,boy,4,26,905,84,31,3
34,boy,4,26,905,87,34,4
34,boy,4,26,905,72,39,5
34,girl,4,23,906,57,21,3
34,girl,4,23,906,78,25,4
34,girl,4,23,906,45,32,5
34,boy,6,24,907,14,22,3
34,boy,6,24,907,40,28,4
34,boy,6,24,907,25,31,5
34,girl,4,21,908,40,27,3
34,girl,4,21,908,75,30,4
34,girl,4,21,908,34,36,5
34,girl,4,21,910,73,33,3
34,girl,4,21,910,86,27,4
34,girl,4,21,910,89,36,5
34,boy,3,28,911,76,24,4
34,boy,3,28,911,48,34,5
34,girl,2,19,912,24,29,3
34,girl,2,19,912,53,27,4
34,girl,2,19,912,26,34,5
34,girl,4,20,913,69,30,4
34,girl,4,20,913,60,35,5
34,girl,9,15,915,21,15,3
34,girl,9,15,915,37,16,4
34,girl,2,24,916,14,20,3
34,girl,2,24,916,37,20,4
34,girl,2,24,916,60,30,5
34,boy,4,25,917,28,23,3
34,boy,4,25,917,58,23,4
34,boy,4,25,917,24,30,5
34,girl,4,26,918,15,20,3
34,girl,4,26,918,46,19,4
34,girl,4,26,918,25,30,5
35,girl,2,31,919,81,37,3
35,girl,2,31,919,89,30,4
35,girl,2,31,919,58,37,5
35,girl,8,25,920,78,37,3
35,girl,8,25,920,80,34,4
35,girl,8,25,920,70,34,5
35,girl,2,28,922,75,32,3
35,girl,2,28,922,87,29,4
35,girl,2,28,922,62,35,5
35,boy,4,24,923,41,36,3
35,boy,4,24,923,78,34,4
35,boy,4,24,923,60,34,5
35,girl,4,24,924,86,34,4
35,girl,2,34,925,90,37,3
35,girl,2,34,925,90,27,4
35,girl,2,34,925,87,38,5
35,boy,5,28,926,79,31,3
35,boy,5,28,926,85,29,4
35,boy,5,28,926,50,29,5
35,girl,2,25,927,79,34,3
35,girl,2,25,927,85,33,4
35,girl,2,25,927,67,29,5
35,boy,2,25,929,13,30,3
35,boy,2,25,929,68,24,4
35,boy,2,25,929,33,27,5
35,girl,5,25,930,26,33,3
35,girl,5,25,930,85,33,4
35,girl,5,25,930,60,34,5
35,girl,9,32,931,88,36,3
35,girl,9,32,931,91,37,4
35,girl,9,32,931,88,38,5
35,girl,2,24,934,29,19,3
35,girl,2,24,934,82,28,4
35,girl,2,24,934,25,24,5
35,boy,2,28,935,16,31,3
35,boy,2,28,935,44,26,4
35,boy,2,28,935,27,34,5
35,girl,2,22,937,3,19,3
35,girl,2,22,937,27,10,4
35,girl,2,22,937,5,9,5
35,boy,9,30,938,2,18,3
35,boy,9,30,938,25,12,4
35,girl,2,27,939,15,24,3
35,girl,2,27,939,76,21,4
35,girl,2,27,939,45,34,5
35,girl,9,23,941,55,18,3
35,girl,9,23,941,89,21,4
35,girl,1,35,942,65,33,3
35,girl,1,35,942,87,25,4
35,girl,1,35,942,69,36,5
35,boy,9,21,943,8,24,3
35,boy,9,21,943,62,8,4
35,boy,9,21,943,31,18,5
36,girl,4,21,946,29,9,4
36,boy,7,28,948,26,27,3
36,boy,7,28,948,62,22,4
36,boy,7,28,948,44,37,5
36,girl,4,28,949,54,30,3
36,girl,4,28,949,83,31,4
36,girl,4,28,949,42,34,5
36,boy,9,28,950,82,28,3
36,boy,9,28,950,88,32,4
36,boy,9,28,950,73,39,5
36,girl,4,22,951,69,20,3
36,girl,4,22,951,88,30,4
36,girl,4,22,951,49,32,5
36,girl,5,23,952,16,19,3
36,girl,5,23,952,61,26,4
36,girl,5,23,952,40,37,5
36,boy,4,24,953,80,31,3
36,boy,4,24,953,88,35,4
36,boy,4,24,953,72,36,5
36,girl,9,21,954,47,19,3
36,girl,9,21,954,64,22,4
36,girl,3,28,955,70,23,3
36,girl,3,28,955,81,22,4
36,girl,3,28,955,66,35,5
36,girl,4,32,956,79,30,3
36,girl,4,32,956,88,33,4
36,girl,4,32,956,71,39,5
36,girl,7,32,957,76,31,3
36,girl,7,32,957,88,29,4
36,girl,2,34,958,85,33,3
36,girl,2,34,958,86,36,4
36,girl,2,34,958,76,39,5
36,girl,4,22,960,75,26,3
36,girl,4,22,960,35,32,5
36,boy,4,34,961,73,35,3
36,boy,4,34,961,85,35,4
36,boy,4,34,961,63,36,5
36,boy,4,30,962,65,28,3
36,boy,4,30,962,72,31,4
36,boy,4,30,962,64,36,5
36,boy,3,21,963,26,19,3
36,boy,3,21,963,48,21,4
36,boy,3,21,963,17,31,5
36,girl,4,32,964,75,26,3
36,girl,4,32,964,70,20,4
36,girl,4,32,964,41,30,5
36,boy,4,31,965,29,15,3
36,boy,4,31,965,63,19,4
36,boy,4,31,965,61,34,5
36,girl,9,28,967,71,25,3
36,girl,4,28,968,69,26,3
36,girl,4,28,968,86,30,4
36,girl,4,28,968,63,39,5
36,boy,4,19,969,18,18,3
36,boy,4,19,969,40,13,4
36,boy,4,19,969,43,32,5
36,boy,9,28,970,33,23,3
36,boy,9,28,970,67,15,4
36,boy,9,28,970,39,33,5
36,girl,2,34,971,89,39,3
36,girl,2,34,971,89,37,4
36,girl,2,34,971,98,40,5
36,boy,3,25,972,69,35,3
36,boy,3,25,972,80,28,4
36,boy,3,25,972,45,35,5
36,boy,4,27,973,76,33,3
36,boy,4,27,973,81,29,4
36,boy,4,27,973,58,33,5
36,girl,1,24,974,55,22,3
36,girl,1,24,974,78,20,4
36,girl,1,24,974,36,32,5
36,girl,1,27,975,72,31,3
36,girl,1,27,975,88,37,4
36,girl,1,27,975,68,37,5
36,girl,5,30,976,68,26,3
36,girl,5,30,976,82,33,4
36,girl,5,30,976,48,36,5
36,girl,9,22,977,44,20,3
36,girl,9,22,977,66,21,4
36,girl,9,22,977,64,37,5
36,girl,5,22,978,60,16,3
36,girl,5,22,978,80,16,4
36,girl,5,22,978,60,32,5
36,girl,4,35,979,86,36,3
36,girl,4,35,979,89,35,4
36,girl,4,35,979,94,40,5
36,boy,9,20,980,45,20,3
36,boy,9,20,980,77,20,4
36,boy,9,20,980,31,33,5
37,boy,4,31,981,40,32,3
37,boy,4,31,981,61,30,4
37,boy,4,31,981,43,33,5
37,girl,4,18,982,36,19,3
37,girl,4,18,982,72,22,4
37,girl,4,18,982,43,25,5
37,girl,4,30,983,42,32,3
37,girl,4,30,983,70,23,4
37,girl,4,30,983,37,31,5
37,girl,4,25,984,78,27,3
37,girl,4,25,984,84,25,4
37,girl,4,25,984,52,32,5
37,girl,2,24,985,53,15,3
37,girl,2,24,985,82,24,4
37,girl,1,22,986,76,19,4
37,girl,1,22,986,69,36,5
37,boy,3,31,987,74,31,3
37,boy,3,31,987,87,32,4
37,boy,3,31,987,75,37,5
37,boy,9,23,988,61,19,3
37,boy,9,23,988,65,22,4
37,boy,9,23,988,43,26,5
37,girl,2,21,989,77,25,3
37,girl,2,21,989,83,31,4
37,girl,2,21,989,59,35,5
37,girl,4,26,990,87,32,3
37,girl,4,26,990,90,34,4
37,girl,4,26,990,87,33,5
37,girl,4,28,991,63,36,3
37,girl,4,28,991,85,32,4
37,boy,4,28,992,75,29,3
37,boy,4,28,992,88,30,4
37,boy,4,28,992,80,35,5
37,girl,7,27,993,81,36,3
37,girl,7,27,993,84,33,4
37,girl,4,14,994,74,24,3
37,girl,4,14,994,76,32,4
37,girl,4,14,994,44,29,5
37,girl,2,27,995,62,25,3
37,girl,2,27,995,69,28,4
37,girl,2,27,995,35,32,5
37,girl,2,32,996,37,18,3
37,girl,2,32,996,73,28,4
37,girl,2,32,996,59,36,5
37,boy,4,30,997,40,31,3
37,boy,4,30,997,59,23,4
37,boy,4,30,997,34,32,5
37,girl,4,27,998,86,36,3
37,girl,4,27,998,91,33,4
37,girl,4,27,998,80,37,5
37,boy,2,29,999,55,20,3
37,boy,2,29,999,77,19,4
37,boy,2,29,999,41,29,5
37,boy,4,25,1000,23,20,3
37,boy,4,25,1000,57,17,4
37,boy,4,25,1000,30,25,5
37,girl,4,26,1001,66,28,3
37,girl,4,26,1001,82,30,4
37,girl,2,26,1002,83,32,3
38,boy,3,23,1003,52,26,3
38,boy,3,23,1003,74,25,4
38,boy,3,23,1003,48,34,5
38,girl,5,16,1004,75,31,3
38,girl,5,16,1004,83,24,4
38,girl,5,16,1004,62,35,5
38,boy,9,16,1005,18,20,3
38,boy,9,16,1005,43,33,4
38,boy,9,16,1005,37,34,5
38,boy,5,23,1006,40,11,3
38,boy,5,23,1006,55,12,4
38,boy,5,23,1006,39,32,5
38,boy,6,28,1007,30,21,3
38,boy,6,28,1007,54,28,4
38,boy,6,28,1007,36,37,5
38,boy,9,20,1008,77,23,3
38,boy,9,20,1008,90,25,4
38,boy,9,20,1008,56,28,5
38,girl,9,25,1009,27,26,3
38,girl,9,25,1009,51,25,4
38,girl,5,13,1010,8,13,3
38,girl,5,13,1010,44,10,4
38,girl,5,13,1010,35,31,5
38,girl,4,15,1011,43,28,3
38,girl,4,15,1011,62,23,4
38,girl,4,15,1011,41,32,5
38,girl,4,18,1012,47,17,3
38,girl,4,18,1012,47,21,4
38,girl,4,18,1012,34,34,5
38,boy,4,22,1013,26,15,3
38,boy,4,22,1013,33,21,4
38,boy,4,22,1013,41,31,5
38,boy,2,24,1014,40,22,3
38,boy,2,24,1014,63,29,4
38,boy,2,24,1014,38,32,5
38,boy,4,21,1015,11,13,3
38,boy,4,21,1015,29,15,4
38,boy,4,30,1016,54,27,4
38,boy,4,30,1016,32,33,5
39,girl,2,21,1017,34,23,3
39,girl,2,21,1017,60,24,4
39,girl,2,21,1017,43,25,5
39,girl,4,28,1018,45,14,3
39,girl,4,28,1018,57,17,4
39,girl,4,28,1018,11,24,5
39,girl,2,27,1019,19,24,3
39,girl,2,27,1019,56,22,4
39,girl,2,27,1019,21,30,5
39,girl,8,32,1020,75,27,3
39,girl,8,32,1020,85,26,4
39,girl,8,32,1020,62,36,5
39,boy,5,32,1021,56,25,3
39,boy,5,32,1021,80,32,4
39,boy,5,32,1021,44,30,5
39,girl,4,23,1022,73,22,3
39,girl,4,23,1022,82,20,4
39,girl,4,23,1022,48,29,5
39,boy,4,30,1023,49,26,3
39,boy,4,30,1023,73,31,4
39,boy,4,30,1023,50,32,5
39,boy,4,31,1024,71,29,3
39,boy,4,31,1024,87,30,4
39,boy,4,31,1024,66,32,5
39,girl,2,32,1025,69,25,3
39,girl,2,32,1025,80,23,4
39,girl,2,32,1025,57,29,5
39,boy,4,28,1026,30,33,3
39,boy,4,28,1026,51,28,4
39,boy,4,28,1026,28,37,5
39,girl,2,25,1027,48,22,3
39,girl,2,25,1027,77,19,4
39,girl,4,28,1028,40,17,4
39,girl,4,28,1028,33,27,5
39,girl,6,27,1029,82,25,3
39,girl,6,27,1029,88,26,4
39,girl,6,27,1029,60,33,5
39,girl,4,24,1030,40,27,3
39,girl,4,24,1030,74,28,4
39,girl,4,24,1030,35,32,5
39,boy,9,24,1031,13,13,3
39,boy,9,24,1031,28,14,4
39,boy,9,24,1031,8,22,5
39,girl,4,21,1032,17,12,3
39,girl,4,21,1032,18,11,4
40,girl,2,31,1033,77,31,3
40,girl,2,31,1033,83,30,4
40,boy,5,13,1034,13,18,3
40,boy,5,13,1034,21,5,4
40,girl,4,30,1035,69,23,3
40,girl,4,30,1035,42,32,5
40,girl,5,24,1036,34,22,3
40,girl,5,24,1036,46,22,4
40,girl,5,24,1036,35,29,5
40,girl,2,12,1037,66,28,3
40,girl,2,12,1037,81,25,4
40,girl,2,12,1037,37,29,5
40,girl,4,29,1038,54,24,3
40,girl,4,29,1038,70,31,4
40,girl,4,29,1038,51,36,5
40,boy,4,31,1039,51,24,3
40,boy,4,31,1039,55,24,4
40,boy,4,31,1039,21,19,5
40,boy,5,12,1040,2,15,3
40,boy,5,12,1040,16,13,4
40,boy,5,12,1040,5,12,5
40,girl,4,21,1041,18,13,3
40,girl,4,21,1041,16,8,4
40,girl,4,21,1041,6,15,5
40,girl,7,22,1042,22,22,3
40,girl,7,22,1042,48,20,4
40,girl,4,6,1043,7,9,3
40,girl,4,6,1043,22,6,4
40,girl,4,6,1043,5,8,5
40,boy,4,26,1045,6,18,3
40,boy,4,26,1045,10,28,5
40,girl,2,35,1047,46,31,3
40,girl,2,35,1047,73,31,4
40,girl,2,35,1047,26,36,5
41,girl,3,22,1052,72,24,3
41,girl,3,22,1052,84,25,4
41,girl,7,22,1053,12,27,3
41,girl,7,22,1053,57,25,4
41,girl,7,22,1053,48,32,5
41,girl,9,31,1054,83,31,3
41,girl,9,31,1054,87,29,4
41,girl,9,31,1054,71,32,5
41,boy,5,33,1055,15,21,3
41,boy,5,33,1055,41,20,4
41,boy,5,33,1055,33,32,5
41,boy,3,23,1056,66,23,3
41,boy,3,23,1056,75,21,4
41,boy,3,23,1056,56,36,5
41,girl,4,31,1057,81,33,3
41,girl,4,31,1057,89,33,4
41,girl,4,31,1057,81,37,5
41,girl,6,15,1058,61,25,3
41,girl,6,15,1058,64,18,4
41,girl,6,15,1058,40,29,5
41,girl,4,13,1059,20,16,3
41,girl,4,13,1059,36,12,4
41,girl,4,14,1060,43,25,3
41,girl,4,14,1060,70,23,4
41,girl,4,14,1060,50,32,5
41,girl,4,19,1061,65,24,3
41,girl,4,19,1061,85,22,4
41,girl,4,19,1061,59,30,5
41,girl,1,32,1062,84,30,3
41,girl,1,32,1062,85,25,4
41,girl,1,32,1062,76,39,5
41,girl,3,29,1063,85,35,3
41,girl,3,29,1063,87,32,4
41,girl,3,29,1063,78,39,5
41,girl,9,28,1064,76,27,3
42,boy,6,21,1065,21,20,3
42,boy,6,21,1065,38,27,4
42,boy,6,21,1065,53,36,5
42,boy,9,15,1066,20,24,3
42,boy,9,15,1066,59,19,4
42,boy,9,15,1066,20,26,5
42,girl,6,26,1067,73,28,3
42,girl,6,26,1067,87,29,4
42,girl,6,26,1067,36,32,5
42,boy,4,25,1068,51,31,3
42,boy,4,25,1068,76,32,4
42,boy,4,25,1068,27,30,5
42,boy,7,27,1069,28,36,3
42,boy,7,27,1069,33,31,4
42,boy,7,27,1069,17,32,5
42,girl,9,21,1070,15,16,3
42,girl,9,21,1070,20,14,4
42,girl,9,21,1070,7,16,5
42,boy,4,15,1071,40,21,3
42,boy,4,15,1071,53,22,4
42,boy,4,15,1071,22,19,5
42,boy,4,23,1072,55,29,3
42,boy,4,23,1072,66,25,4
42,boy,4,23,1072,63,25,5
42,boy,9,22,1074,70,29,3
42,boy,9,22,1074,79,23,4
42,boy,9,22,1074,42,34,5
42,boy,4,24,1075,27,24,3
42,boy,4,24,1075,34,18,4
42,boy,4,24,1075,18,15,5
42,boy,9,23,1076,24,21,3
42,boy,9,23,1076,6,11,5
42,girl,9,20,1077,39,13,3
42,girl,9,20,1077,62,9,4
42,girl,9,20,1077,27,17,5
42,boy,4,30,1078,78,32,3
42,boy,4,30,1078,85,36,4
42,boy,4,30,1078,73,34,5
42,boy,9,24,1079,38,25,3
42,boy,9,24,1079,49,30,4
42,girl,2,29,1080,33,21,3
42,girl,2,29,1080,48,29,4
42,girl,2,29,1080,11,22,5
42,boy,4,24,1081,63,36,3
42,boy,4,24,1081,86,32,4
42,boy,4,24,1081,55,33,5
42,girl,9,24,1082,59,20,3
42,girl,9,24,1082,73,24,4
42,girl,9,24,1082,28,32,5
42,girl,9,20,1083,49,29,3
42,girl,9,20,1083,70,26,4
42,girl,9,20,1083,41,37,5
42,boy,9,25,1084,37,23,3
42,boy,9,25,1084,39,18,4
42,boy,9,25,1084,8,16,5
42,girl,4,18,1085,16,21,3
42,girl,4,18,1085,27,9,4
42,girl,4,18,1085,8,17,5
42,boy,5,20,1087,65,31,3
42,boy,5,20,1087,14,21,4
42,boy,5,20,1087,11,29,5
42,girl,4,26,1088,59,27,3
42,girl,4,26,1088,82,34,4
42,girl,4,26,1088,41,31,5
42,girl,3,33,1089,67,34,3
42,girl,3,33,1089,89,33,4
42,girl,4,26,1090,64,38,3
42,girl,4,26,1090,84,34,4
42,girl,4,26,1090,59,35,5
42,boy,5,25,1091,36,22,3
42,boy,5,25,1091,45,26,4
42,boy,5,25,1091,20,30,5
42,girl,4,16,1092,29,21,3
42,girl,4,16,1092,25,25,4
42,girl,4,16,1092,10,28,5
42,boy,4,30,1093,85,36,3
42,boy,4,30,1093,82,35,4
42,boy,4,30,1093,64,35,5
42,girl,5,27,1094,85,29,3
42,girl,5,27,1094,82,24,4
42,boy,6,27,1095,65,37,3
42,boy,6,27,1095,64,37,4
42,boy,6,27,1095,36,33,5
42,boy,4,24,1096,42,24,3
42,boy,4,24,1096,51,15,4
42,boy,7,28,1097,34,29,3
42,boy,4,22,1098,16,22,3
42,boy,4,22,1098,31,23,4
42,boy,4,22,1098,8,28,5
42,boy,4,31,1100,13,23,3
42,boy,4,31,1100,20,36,4
42,boy,4,31,1100,21,34,5
42,girl,7,21,1101,32,18,3
42,girl,7,21,1101,49,22,4
42,girl,7,21,1101,32,32,5
42,boy,9,15,1102,19,17,3
42,boy,9,15,1102,22,26,4
42,boy,9,15,1102,39,35,5
42,girl,4,15,1103,24,17,3
42,girl,4,15,1103,44,30,4
42,girl,4,15,1103,16,19,5
42,boy,4,23,1104,58,30,3
42,boy,4,23,1104,49,31,4
42,boy,4,23,1104,40,34,5
42,girl,6,26,1105,76,30,3
42,girl,6,26,1105,83,30,4
42,girl,6,26,1105,50,38,5
42,boy,4,16,1106,26,14,3
42,boy,4,16,1106,45,14,4
42,boy,4,16,1106,18,28,5
42,girl,9,27,1108,72,27,3
42,girl,9,27,1108,80,31,4
42,girl,9,27,1108,37,31,5
42,girl,7,19,1109,25,25,3
42,girl,7,19,1109,35,18,4
42,girl,7,19,1109,14,20,5
42,girl,4,21,1110,48,26,3
42,girl,4,21,1110,67,23,4
42,girl,4,21,1110,11,30,5
42,boy,2,14,1111,3,13,3
42,boy,2,14,1111,19,33,5
42,girl,5,19,1112,26,19,3
42,girl,5,19,1112,48,20,4
42,girl,5,19,1112,9,20,5
42,girl,6,29,1113,66,24,3
42,girl,6,29,1113,38,37,5
42,girl,9,22,1114,43,29,3
42,girl,9,22,1114,72,30,4
42,girl,9,22,1114,25,33,5
42,boy,4,14,1115,22,25,3
42,boy,4,14,1115,32,36,4
44,girl,5,32,1148,76,29,3
44,girl,5,32,1148,87,31,4
44,girl,5,32,1148,58,31,5
44,girl,4,28,1151,73,32,3
44,girl,4,28,1151,84,26,4
44,girl,4,28,1151,49,34,5
44,girl,4,34,1153,85,33,3
44,girl,4,34,1153,90,37,4
44,girl,4,34,1153,78,37,5
44,boy,9,29,1155,72,29,3
44,boy,9,29,1155,73,24,4
44,boy,9,29,1155,41,34,5
44,boy,6,16,1156,15,15,3
44,boy,6,16,1156,67,9,4
44,boy,6,16,1156,34,21,5
44,boy,6,18,1157,8,14,3
45,boy,6,22,1161,6,14,3
45,boy,6,22,1161,16,8,4
45,boy,6,22,1161,6,17,5
45,girl,3,19,1162,67,24,3
45,girl,3,19,1162,84,31,4
45,girl,3,19,1162,44,28,5
45,girl,4,14,1163,13,11,3
45,girl,4,14,1163,26,9,4
45,girl,4,14,1163,11,7,5
45,girl,6,29,1164,83,36,3
45,girl,6,29,1164,89,34,4
45,girl,3,22,1165,68,34,3
45,girl,3,22,1165,84,31,4
45,girl,3,22,1165,52,33,5
45,girl,6,11,1166,15,12,3
45,girl,6,11,1166,12,8,4
45,girl,6,22,1167,21,12,3
45,girl,6,22,1167,30,12,4
45,boy,4,23,1168,30,20,3
45,boy,4,23,1168,75,18,4
45,boy,4,23,1168,18,24,5
45,boy,2,33,1170,81,39,3
45,boy,2,33,1170,87,35,4
45,boy,2,33,1170,82,39,5
45,girl,4,27,1171,80,31,3
45,girl,4,27,1171,85,24,4
45,girl,4,27,1171,63,30,5
45,boy,2,27,1172,42,26,3
45,boy,2,27,1172,60,24,4
45,boy,4,29,1173,18,16,3
45,boy,4,29,1173,25,20,4
45,boy,9,28,1174,44,21,3
45,boy,9,28,1174,51,25,4
45,boy,9,28,1174,22,30,5
45,boy,4,19,1175,2,5,3
45,boy,4,19,1175,2,4,4
45,boy,4,19,1175,0,16,5
45,girl,7,17,1176,17,13,3
45,girl,7,17,1176,39,9,4
45,girl,7,17,1176,17,9,5
45,boy,3,30,1177,23,36,3
45,boy,3,30,1177,47,32,4
45,boy,3,30,1177,35,36,5
45,girl,3,26,1178,34,26,3
46,girl,2,30,1179,74,34,3
46,girl,2,30,1179,72,35,5
46,girl,4,29,1180,63,24,3
46,girl,4,29,1180,80,30,4
46,girl,4,29,1180,53,34,5
46,boy,9,26,1181,26,22,3
46,boy,9,26,1181,55,19,4
46,boy,9,26,1181,19,30,5
46,boy,4,27,1182,75,31,3
46,boy,4,27,1182,81,32,4
46,boy,4,27,1182,66,33,5
46,boy,9,21,1183,24,13,3
46,boy,9,21,1183,41,26,5
46,boy,9,17,1184,19,21,3
46,boy,9,17,1184,43,19,4
46,girl,5,29,1185,68,27,3
46,girl,5,29,1185,82,29,4
46,girl,5,29,1185,40,36,5
46,boy,4,35,1187,77,37,3
46,boy,4,35,1187,91,38,4
46,boy,4,35,1187,56,36,5
46,girl,7,32,1188,81,38,3
46,girl,7,32,1188,91,38,4
46,girl,9,27,1189,62,27,3
46,girl,9,27,1189,72,33,4
46,girl,9,27,1189,50,36,5
46,boy,4,28,1190,20,23,3
46,boy,4,28,1190,45,25,4
46,boy,4,28,1190,35,32,5
46,girl,4,21,1191,68,19,3
46,girl,4,21,1191,82,26,4
46,girl,4,21,1191,48,29,5
46,boy,9,31,1192,78,26,3
46,boy,9,31,1192,83,34,4
46,boy,9,31,1192,44,34,5
46,girl,3,31,1193,57,32,3
46,girl,3,31,1193,76,21,4
46,girl,3,31,1193,37,35,5
46,girl,4,29,1196,68,20,3
46,girl,4,29,1196,86,23,4
46,boy,5,33,1197,40,27,3
46,boy,5,33,1197,73,37,4
46,girl,9,30,1198,89,32,3
46,girl,9,30,1198,83,30,4
46,girl,9,30,1198,84,33,5
46,boy,5,32,1199,24,25,3
46,boy,5,32,1199,50,29,4
46,boy,5,32,1199,27,31,5
46,boy,2,36,1200,79,40,3
46,boy,2,36,1200,84,37,4
46,boy,2,36,1200,84,38,5
47,boy,3,31,1203,87,40,3
47,boy,3,31,1203,89,39,4
47,boy,3,31,1203,80,40,5
47,girl,6,28,1204,59,32,3
47,girl,6,28,1204,76,33,4
47,girl,6,28,1204,39,36,5
47,girl,9,21,1205,45,31,3
47,girl,9,21,1205,74,19,4
47,girl,9,21,1205,27,30,5
47,girl,4,35,1206,38,24,3
47,girl,4,35,1206,72,30,4
47,girl,4,35,1206,45,39,5
47,girl,9,20,1207,35,22,3
47,girl,9,20,1207,64,19,4
47,girl,4,23,1208,55,27,3
47,girl,4,23,1208,79,24,4
47,girl,4,23,1208,40,38,5
47,girl,9,13,1210,48,24,3
47,girl,9,13,1210,76,34,4
47,girl,9,13,1210,36,34,5
47,girl,4,14,1211,46,26,3
47,girl,4,14,1211,63,23,4
47,girl,4,14,1211,23,28,5
47,girl,8,34,1212,56,27,3
47,girl,8,34,1212,66,26,4
47,girl,8,34,1212,49,33,5
47,girl,9,20,1213,55,21,3
47,girl,9,20,1213,74,24,4
47,girl,9,20,1213,61,27,5
47,boy,6,15,1214,30,21,3
47,boy,6,15,1214,82,24,4
47,boy,6,15,1214,28,36,5
47,boy,4,17,1215,33,21,3
47,boy,4,17,1215,57,26,4
47,boy,4,17,1215,17,22,5
47,boy,4,29,1216,30,34,3
47,boy,4,29,1216,37,36,4
47,boy,4,29,1216,15,31,5
47,girl,4,27,1217,59,29,3
47,girl,4,27,1217,71,22,4
47,girl,4,27,1217,47,30,5
47,boy,4,27,1218,38,36,3
47,boy,4,27,1218,72,27,4
47,boy,4,27,1218,42,32,5
47,boy,4,31,1219,46,29,3
47,boy,4,31,1219,84,29,4
47,boy,4,31,1219,34,32,5
47,girl,4,16,1220,17,26,3
47,girl,4,16,1220,32,36,5
47,girl,4,22,1221,60,29,3
47,girl,4,22,1221,72,34,4
47,girl,4,22,1221,51,34,5
47,boy,4,36,1222,57,31,3
47,boy,4,36,1222,82,31,4
47,boy,4,36,1222,37,39,5
47,girl,2,36,1223,90,35,3
47,girl,2,36,1223,90,40,4
47,girl,2,36,1223,88,39,5
47,girl,4,30,1224,67,33,3
47,girl,4,30,1224,70,32,4
47,girl,4,30,1224,36,38,5
47,boy,2,31,1225,20,26,3
47,boy,2,31,1225,31,33,5
47,boy,1,25,1226,70,22,3
47,boy,1,25,1226,86,30,4
47,boy,1,25,1226,63,35,5
47,boy,5,33,1227,31,28,3
47,boy,5,33,1227,73,30,4
47,boy,5,33,1227,29,33,5
47,girl,1,35,1228,56,26,3
47,girl,1,35,1228,86,32,4
47,girl,1,35,1228,42,37,5
47,girl,4,23,1229,12,13,3
47,girl,4,23,1229,33,22,4
47,girl,4,23,1229,28,36,5
47,boy,4,28,1230,55,24,3
47,boy,4,28,1230,78,31,4
47,boy,4,28,1230,25,33,5
47,boy,5,25,1231,23,18,3
47,boy,5,25,1231,32,16,4
47,boy,5,25,1231,17,32,5
47,girl,4,30,1232,56,25,3
47,girl,4,30,1232,76,30,4
47,girl,4,30,1232,41,35,5
47,girl,4,31,1234,13,21,3
47,girl,4,31,1234,62,23,4
47,girl,4,31,1234,22,33,5
47,boy,7,29,1235,26,18,3
47,boy,7,29,1235,30,33,5
47,boy,4,23,1236,82,26,3
47,boy,4,23,1236,87,33,4
47,boy,4,23,1236,54,32,5
47,girl,4,26,1237,17,17,3
47,girl,4,26,1237,35,22,4
47,girl,4,26,1237,23,22,5
47,girl,9,30,1238,50,25,3
47,girl,9,30,1238,75,31,4
47,boy,8,32,1239,42,24,3
47,boy,8,32,1239,72,31,4
47,boy,8,32,1239,44,29,5
47,girl,2,29,1240,59,23,3
47,girl,9,29,1242,62,30,3
48,girl,4,29,1243,78,32,3
48,girl,4,29,1243,87,30,4
48,girl,4,29,1243,57,32,5
48,girl,4,24,1244,40,16,3
48,girl,4,24,1244,54,29,4
48,girl,4,24,1244,19,24,5
48,boy,2,26,1245,64,31,3
48,boy,2,26,1245,67,32,4
48,boy,2,26,1245,34,30,5
48,boy,6,25,1246,48,25,3
48,boy,6,25,1246,67,15,4
48,boy,6,25,1246,40,23,5
48,boy,4,26,1247,29,28,3
48,boy,4,26,1247,56,29,4
48,boy,4,26,1247,40,34,5
48,girl,4,23,1248,57,26,3
48,girl,4,23,1248,66,24,4
48,girl,4,23,1248,34,23,5
48,boy,4,30,1249,58,32,3
48,boy,4,30,1249,74,34,4
48,boy,4,30,1249,40,32,5
48,boy,3,25,1250,83,33,3
48,boy,3,25,1250,84,35,4
48,boy,7,25,1251,69,31,3
48,boy,7,25,1251,78,30,4
48,boy,7,25,1251,54,35,5
48,girl,4,17,1252,56,30,3
48,girl,4,17,1252,77,24,4
48,girl,4,17,1252,36,34,5
48,boy,6,29,1253,33,22,3
48,boy,6,29,1253,60,29,4
48,boy,6,29,1253,19,33,5
48,boy,2,22,1254,63,31,3
48,boy,2,22,1254,70,23,4
48,boy,2,22,1254,58,31,5
48,girl,6,13,1255,13,10,3
48,girl,6,13,1255,29,13,4
48,girl,3,27,1256,26,21,3
48,girl,3,27,1256,63,27,4
48,girl,3,27,1256,9,26,5
48,girl,9,25,1257,62,29,3
48,girl,9,25,1257,72,28,4
48,girl,9,25,1257,39,30,5
48,boy,2,28,1258,23,25,3
48,boy,2,28,1258,49,29,4
48,boy,2,28,1258,19,31,5
48,boy,3,19,1259,27,13,3
48,boy,3,19,1259,45,6,4
48,girl,2,25,1262,76,25,3
48,girl,2,25,1262,87,23,4
48,girl,2,25,1262,63,39,5
48,boy,9,27,1264,66,23,3
48,boy,9,27,1264,78,26,4
48,boy,9,27,1264,40,31,5
48,girl,4,21,1265,62,27,3
48,girl,4,21,1265,72,23,4
48,girl,4,21,1265,42,35,5
48,girl,7,18,1266,26,15,3
48,girl,7,18,1266,51,15,4
48,girl,7,18,1266,17,25,5
48,boy,5,25,1269,76,37,3
48,boy,5,25,1269,81,31,4
48,boy,5,25,1269,48,36,5
48,boy,8,6,1270,21,5,3
48,boy,8,6,1270,27,5,4
48,boy,8,6,1270,21,5,5
48,girl,4,17,1271,55,21,3
48,girl,4,17,1271,80,14,4
48,girl,4,17,1271,37,22,5
48,boy,4,26,1272,27,30,3
48,boy,4,26,1272,52,17,4
48,boy,4,26,1272,17,26,5
48,girl,3,15,1273,35,15,3
48,girl,3,15,1273,45,13,4
48,girl,3,15,1273,15,19,5
48,girl,2,15,1274,83,27,3
48,girl,2,15,1274,78,25,4
48,girl,2,15,1274,74,33,5
48,boy,2,29,1275,78,30,3
48,boy,2,29,1275,78,31,4
48,boy,2,29,1275,45,38,5
48,girl,4,23,1276,67,22,3
48,girl,4,23,1276,82,28,4
48,girl,4,23,1276,36,31,5
48,boy,4,33,1277,78,36,3
48,boy,4,33,1277,79,33,4
48,boy,4,33,1277,77,36,5
48,girl,4,23,1278,38,27,3
48,girl,4,23,1278,59,23,4
48,girl,4,23,1278,35,33,5
48,boy,4,20,1279,31,24,3
48,boy,4,20,1279,69,10,4
48,boy,4,20,1279,20,19,5
48,boy,5,14,1280,3,14,3
48,boy,5,14,1280,3,9,4
48,boy,5,14,1280,15,10,5
48,boy,9,25,1281,24,25,3
48,boy,9,25,1281,22,21,4
48,boy,7,27,1282,16,25,3
48,boy,7,27,1282,20,20,4
48,girl,4,25,1284,86,40,3
48,girl,4,25,1284,83,35,4
48,girl,4,25,1284,64,31,5
48,boy,3,29,1285,46,28,4
48,boy,3,29,1285,36,33,5
48,girl,3,31,1286,69,32,3
48,girl,3,31,1286,83,29,4
48,girl,3,31,1286,70,35,5
48,boy,3,35,1287,79,38,3
48,boy,3,35,1287,84,36,4
48,boy,3,35,1287,61,35,5
48,girl,4,29,1288,81,33,3
48,girl,4,29,1288,84,31,4
48,girl,4,29,1288,72,34,5
48,girl,9,36,1289,89,39,3
48,girl,9,36,1289,89,38,4
48,girl,9,36,1289,87,40,5
48,girl,4,27,1290,38,31,3
48,girl,4,27,1290,41,35,4
48,girl,4,27,1290,12,34,5
48,girl,3,25,1291,58,31,3
48,girl,3,25,1291,70,22,4
48,girl,3,25,1291,44,31,5
48,boy,3,26,1292,71,24,3
48,boy,3,26,1292,77,32,4
48,boy,3,26,1292,57,28,5
48,boy,9,31,1293,21,26,3
48,boy,9,31,1293,80,32,4
48,boy,9,31,1293,40,35,5
48,girl,2,28,1294,78,35,3
48,girl,2,28,1294,85,39,4
48,girl,9,24,1295,58,23,3
48,girl,9,24,1295,76,31,4
48,girl,9,24,1295,50,33,5
48,girl,4,36,1296,75,40,3
48,girl,4,36,1296,88,35,4
48,girl,4,36,1296,59,36,5
48,girl,2,24,1297,50,29,3
48,girl,2,24,1297,69,22,4
48,girl,2,24,1297,18,22,5
48,boy,4,23,1298,70,29,3
48,boy,4,23,1298,74,34,4
48,boy,4,23,1298,29,31,5
48,girl,3,24,1299,17,24,3
48,girl,3,24,1299,38,7,4
48,girl,3,24,1299,18,15,5
48,girl,2,27,1301,87,35,3
48,girl,2,27,1301,84,33,4
48,girl,2,27,1301,73,35,5
48,girl,9,23,1302,31,26,3
48,girl,9,23,1302,49,11,4
48,girl,9,23,1302,20,20,5
48,boy,9,25,1303,21,28,3
48,boy,9,25,1303,19,19,4
48,boy,9,25,1303,7,28,5
48,boy,4,27,1304,81,30,3
48,boy,4,27,1304,89,34,4
48,boy,3,27,1305,49,32,3
48,boy,3,27,1305,78,36,4
48,boy,3,27,1305,46,33,5
48,boy,9,15,1306,26,20,3
48,boy,9,15,1306,57,18,4
48,boy,9,15,1306,21,30,5
48,girl,9,23,1307,25,30,3
48,girl,9,23,1307,35,29,4
48,girl,9,23,1307,17,31,5
48,girl,3,22,1308,34,33,3
48,girl,3,22,1308,69,31,4
48,girl,3,22,1308,23,34,5
48,girl,4,12,1309,42,11,3
48,girl,4,12,1309,62,20,4
48,girl,4,12,1309,28,14,5
48,girl,9,15,1310,40,18,3
48,girl,9,15,1310,63,12,4
48,girl,4,34,1311,70,28,3
48,girl,4,34,1311,84,31,4
48,girl,4,34,1311,41,31,5
48,boy,2,29,1312,88,36,3
48,boy,2,29,1312,90,40,4
48,boy,2,29,1312,76,39,5
48,girl,4,23,1313,30,24,3
48,girl,4,23,1313,38,22,4
48,girl,4,23,1313,23,28,5
48,girl,3,21,1314,71,27,3
48,girl,3,21,1314,78,34,4
48,girl,3,21,1314,38,34,5
48,girl,4,27,1316,52,23,3
48,girl,4,27,1316,79,26,4
48,girl,4,27,1316,39,29,5
48,girl,2,31,1317,65,31,3
48,girl,2,31,1317,82,33,4
48,girl,2,31,1317,58,29,5
48,girl,4,27,1318,26,12,3
48,girl,4,27,1318,41,19,4
48,girl,4,27,1318,41,25,5
48,girl,4,25,1319,59,25,3
48,girl,4,25,1319,82,25,4
48,girl,4,25,1319,32,30,5
48,boy,9,27,1321,65,33,3
48,boy,9,27,1321,76,33,4
48,boy,9,27,1321,45,40,5
48,boy,9,16,1322,13,14,3
48,boy,9,16,1322,26,6,4
48,boy,4,26,1323,17,15,3
48,boy,4,26,1323,56,11,4
48,boy,4,26,1323,19,16,5
49,boy,5,16,1327,14,15,3
49,boy,5,16,1327,8,31,4
49,boy,5,16,1327,4,21,5
49,boy,5,26,1328,52,27,3
49,boy,5,26,1328,40,34,4
49,boy,5,29,1329,86,31,3
49,boy,5,29,1329,90,36,4
49,boy,5,29,1329,72,38,5
49,boy,5,36,1330,79,30,3
49,boy,5,36,1330,87,39,4
49,boy,5,36,1330,59,37,5
49,girl,4,28,1331,25,24,3
49,girl,4,28,1331,63,35,4
49,girl,4,28,1331,40,32,5
49,boy,7,34,1332,83,35,3
49,boy,7,34,1332,88,38,4
49,boy,7,34,1332,47,38,5
49,girl,3,26,1333,45,28,3
49,girl,3,26,1333,63,29,4
49,girl,3,26,1333,31,32,5
49,girl,4,15,1337,38,29,3
49,girl,4,15,1337,60,34,4
49,girl,4,15,1337,27,24,5
49,girl,4,26,1338,82,26,3
49,girl,4,26,1338,88,35,4
49,girl,4,26,1338,60,33,5
49,boy,2,27,1339,32,28,3
49,boy,2,27,1339,67,34,4
49,boy,2,27,1339,46,35,5
49,boy,9,27,1340,11,22,3
49,boy,9,27,1340,69,38,4
49,boy,9,27,1340,8,26,5
49,girl,4,15,1341,18,8,3
49,girl,4,15,1341,38,25,4
49,girl,5,17,1342,21,8,3
49,girl,5,17,1342,21,18,4
49,girl,5,17,1342,15,12,5
49,boy,4,32,1343,31,34,3
49,boy,4,32,1343,64,38,4
49,boy,4,32,1343,50,36,5
49,boy,2,26,1344,36,23,3
49,boy,2,26,1344,67,26,4
49,boy,2,26,1344,45,36,5
49,boy,2,29,1345,85,35,3
49,boy,2,29,1345,86,36,4
49,boy,2,29,1345,80,39,5
49,girl,4,25,1346,44,21,3
49,girl,4,25,1346,72,26,4
49,girl,4,25,1346,24,22,5
49,girl,7,20,1347,58,29,3
49,girl,7,20,1347,75,26,4
49,girl,7,20,1347,39,33,5
49,girl,9,16,1348,22,12,3
49,girl,9,16,1348,10,16,4
49,girl,9,16,1348,33,19,5
49,boy,4,29,1349,25,31,3
49,boy,4,29,1349,40,34,4
49,boy,4,29,1349,61,34,5
49,boy,3,32,1350,79,34,3
49,boy,3,32,1350,86,29,4
49,girl,4,17,1351,17,8,3
49,girl,4,17,1351,53,27,4
49,girl,4,17,1351,26,20,5
49,boy,2,36,1352,88,39,3
49,boy,2,36,1352,90,32,4
49,boy,2,36,1352,90,38,5
49,boy,2,29,1353,74,37,3
49,boy,2,29,1353,80,35,4
49,boy,2,29,1353,85,39,5
49,boy,2,29,1355,83,36,3
49,boy,2,29,1355,84,38,4
49,boy,2,29,1355,83,38,5
50,boy,9,28,1357,24,17,3
50,boy,9,28,1357,19,18,4
50,girl,6,33,1358,13,13,3
50,girl,6,33,1358,30,13,4
50,boy,7,27,1359,61,28,3
50,boy,7,27,1359,61,30,4
50,boy,7,27,1359,57,36,5
50,boy,4,32,1360,53,32,3
50,boy,4,32,1360,78,37,4
50,boy,4,32,1360,33,37,5
50,boy,6,33,1361,22,18,3
50,boy,6,33,1361,51,25,4
50,boy,6,33,1361,16,30,5
50,boy,9,21,1362,7,16,3
50,girl,8,24,1363,84,32,3
50,girl,8,24,1363,87,30,4
50,boy,4,16,1364,5,10,3
50,boy,4,16,1364,9,7,4
50,girl,7,24,1365,42,15,3
50,girl,7,24,1365,59,24,4
50,girl,7,24,1365,33,29,5
50,boy,4,17,1366,26,11,3
50,boy,4,17,1366,35,10,4
50,girl,4,20,1367,42,18,3
50,girl,4,20,1367,38,27,4
50,boy,7,25,1368,32,30,3
50,boy,7,25,1368,38,30,4
50,girl,9,25,1369,22,14,3
50,girl,9,25,1369,21,18,4
50,girl,2,27,1370,86,22,3
50,girl,2,27,1370,88,27,4
50,boy,5,26,1371,61,20,4
50,boy,5,26,1371,18,28,5
50,girl,2,26,1372,41,22,3
50,girl,2,26,1372,29,22,4
50,girl,2,26,1372,25,25,5
50,boy,8,24,1373,22,23,4
50,boy,2,34,1374,70,27,3
50,boy,2,34,1374,83,35,4
50,boy,2,34,1374,75,38,5
50,boy,2,27,1375,71,18,3
50,boy,2,27,1375,65,33,4
50,boy,5,33,1376,27,24,3
50,boy,5,33,1376,34,24,4
50,boy,5,33,1376,23,28,5
50,boy,2,25,1377,11,15,3
50,boy,2,25,1377,29,25,4
50,boy,6,31,1378,68,29,3
50,boy,6,31,1378,87,35,4
50,boy,4,20,1379,40,20,3
50,boy,4,20,1379,38,20,4
50,girl,3,32,1380,83,26,3
50,girl,3,32,1380,89,26,4
50,girl,3,32,1380,61,36,5
50,boy,5,30,1381,70,30,3
50,boy,5,30,1381,81,33,4
50,girl,2,24,1382,13,19,3
50,girl,2,24,1382,27,16,4
50,boy,4,15,1383,13,21,3
50,boy,4,15,1383,27,19,4
50,girl,4,21,1384,55,11,3
50,girl,4,21,1384,54,25,4
50,girl,4,21,1384,20,36,5
50,boy,6,29,1385,38,14,3
50,boy,6,29,1385,5,23,4
50,girl,4,22,1386,70,20,3
50,girl,4,22,1386,18,23,5
50,boy,7,26,1387,31,23,3
50,boy,7,26,1387,27,18,4
50,boy,2,19,1388,62,11,3
50,boy,2,19,1388,70,15,4
50,boy,2,32,1389,65,23,3
50,boy,2,32,1389,61,32,4
50,boy,5,14,1390,18,26,3
50,boy,5,14,1390,77,29,4
50,boy,5,14,1390,75,37,5
50,girl,2,19,1391,31,19,3
50,girl,2,19,1391,38,25,4
50,girl,5,29,1392,70,28,4
50,girl,4,20,1393,25,22,3
50,girl,4,20,1393,26,15,4
50,boy,5,26,1394,79,31,3
50,boy,5,26,1394,82,27,4
50,boy,7,24,1395,21,23,3
50,boy,7,24,1395,37,26,4
50,boy,9,30,1396,36,26,3
50,boy,9,30,1396,18,10,4
50,boy,2,34,1397,89,35,3
50,boy,2,34,1397,89,37,4
50,boy,2,34,1397,82,39,5
50,boy,4,26,1398,21,27,3
50,boy,4,26,1398,48,24,4
50,boy,4,27,1399,70,34,3
50,boy,4,27,1399,76,32,4
50,boy,4,27,1399,28,37,5
50,boy,6,21,1400,19,16,3
50,boy,6,21,1400,30,19,4
50,girl,4,18,1401,25,20,3
50,girl,4,18,1401,26,16,4
50,girl,6,21,1402,40,15,3
50,girl,6,21,1402,42,15,4
